,movie_id,title,bechdel_score_easy,bechdel_score_medium,bechdel_score_hard,bechdel_score,flesch_diff_m_f,prop_fem,hedges_per_line_m,hedges_per_line_f,boosters_per_line_m,boosters_per_line_f,cossim,jsd_m_f,diff_plot,diff_imperatives_normed,male_imp_rate,female_imp_rate,ratio_diff,hedge_diff,year,imdb_score
0,m0,10 things i hate about you,1,1,1,3,2.73710005288136,0.4580838323353293,0.1243093922651933,0.1797385620915032,0.0966850828729281,0.1862745098039215,0.9634924530982972,0.0230714539308942,0.0025836825,0.0396490087747806,0.0690607734806629,0.0294117647058823,0.0492812334074059,-5.358830358830359,1999,7.4
1,m102,intolerable cruelty,1,1,1,3,-3.129383376207869,0.4534534534534534,0.1868131868131868,0.2086092715231788,0.1923076923076923,0.2549668874172185,0.9541786909103394,0.0264385810210528,0.004429877,0.0026744778400407,0.0192307692307692,0.0165562913907284,-0.0159937888198757,-0.8151820697082819,2003,6.3
2,m103,it happened one night,1,1,1,3,3.756651572747174,0.5133418043202033,0.2193211488250653,0.2376237623762376,0.1592689295039164,0.1806930693069307,0.9610930681228638,0.0416574716643176,-0.00068587065,0.0330959336142491,0.0652741514360313,0.0321782178217821,-0.0818963271685334,-4.45064227378726,1934,8.1
3,m104,jfk,1,1,1,3,2.249669455514308,0.1613876319758672,0.3543165467625899,0.4579439252336448,0.276978417266187,0.4018691588785046,0.9257459044456482,0.0441509668268659,0.049718857,-0.0104047603039064,0.026978417266187,0.0373831775700934,0.0659879336349924,0.1757586271496762,1991,8.0
4,m105,jackie brown,1,1,1,3,1.6803457732298313,0.3609958506224066,0.1766233766233766,0.2022988505747126,0.1077922077922077,0.1057471264367816,0.9685885906219482,0.0200875660599676,0.008964062,-0.0041200179131213,0.0441558441558441,0.0482758620689655,0.0327243531052356,-2.853682150750238,1997,7.5
5,m107,jason x,1,1,1,3,9.213542615421147,0.6726190476190477,0.0909090909090909,0.0707964601769911,0.1272727272727272,0.0619469026548672,0.8974564075469971,0.1467683484454054,-0.034181714,-0.0059533386967015,0.109090909090909,0.1150442477876106,-0.0545977011494253,-0.5081669691470054,2001,4.5
6,m108,jaws,1,1,1,3,-2.7257502948194627,0.1051282051282051,0.1719197707736389,0.1707317073170731,0.157593123209169,0.1219512195121951,0.8721821308135986,0.1112368280136076,0.10164642,0.0529736529456985,0.0773638968481375,0.024390243902439,0.0814814814814814,-2.1098927037010053,1975,8.1
7,m11,air force one,1,0,0,1,-5.057506484787268,0.3107569721115538,0.1098265895953757,0.1025641025641025,0.1618497109826589,0.0897435897435897,0.8662695288658142,0.0860086630778164,0.05081916,0.0007410701052319,0.0520231213872832,0.0512820512820512,0.0992822966507177,-0.3723517500985238,1997,6.5
8,m113,krull,1,0,0,1,-1.4843912386877065,0.1750599520383693,0.1104651162790697,0.1780821917808219,0.3023255813953488,0.2328767123287671,0.9301984310150146,0.0846459225940017,0.044407845,0.0377906976744186,0.0377906976744186,0.0,0.1391599238457876,-8.795727751156488,1983,6.1
9,m116,leaving las vegas,1,1,0,2,3.5248976644168977,0.4862745098039215,0.2442748091603053,0.2258064516129032,0.183206106870229,0.1935483870967742,0.9419301152229308,0.0896543748709189,0.00086426735,-0.0165599606008372,0.0076335877862595,0.0241935483870967,-0.0181731229076996,7.161668834063789,1995,7.5
10,m117,legally blonde,1,1,1,3,-0.8933049956061438,0.6852589641434262,0.2468354430379747,0.2093023255813953,0.1455696202531645,0.1686046511627907,0.9423736333847046,0.0602526301929545,-0.020294905,-0.0153812187224021,0.0253164556962025,0.0406976744186046,-0.1027352653858677,8.576606473244023,2001,6.5
11,m118,legend,1,1,1,3,-6.87976980210486,0.2076271186440678,0.1229946524064171,0.1564625850340136,0.2121212121212121,0.1700680272108843,0.9332513213157654,0.0690624681943345,0.037569404,0.0233547964640401,0.0641711229946524,0.0408163265306122,-0.0113258355773799,-5.772913477568373,1985,6.3
12,m119,life as a house,1,1,1,3,-0.5795185736657231,0.3129675810473815,0.190562613430127,0.2031872509960159,0.1143375680580762,0.1075697211155378,0.9680875539779664,0.0354195657647624,0.011543691,-0.0024800977577891,0.0254083484573502,0.0278884462151394,-0.043102843102843,-3.278412178952479,2001,7.4
13,m121,little nicky,1,0,0,1,-0.0105307562985785,0.189873417721519,0.14375,0.1866666666666666,0.175,0.0933333333333333,0.950598955154419,0.0844812358878145,0.030359626,-0.0158333333333333,0.0375,0.0533333333333333,0.0738157512351059,-5.9204621767745405,2000,5.3
14,m123,lost highway,1,0,0,1,-5.769034602625268,0.3150684931506849,0.1,0.1376811594202898,0.0866666666666666,0.108695652173913,0.9536187052726746,0.0816750260261082,0.01716888,0.0327536231884058,0.04,0.0072463768115942,-0.1637877579945078,-1.9918559583967053,1997,7.6
15,m124,lost horizon,1,1,0,2,-8.456711637640154,0.1054263565891472,0.3102253032928942,0.3235294117647059,0.3015597920277296,0.4852941176470588,0.9209518432617188,0.092246893088562,0.061418295,0.0338209807319808,0.048526863084922,0.0147058823529411,0.0992999740731138,8.075163981359811,1937,7.6
16,m126,minority report,1,0,0,1,-2.081242757763832,0.1606606606606606,0.1735241502683363,0.308411214953271,0.146690518783542,0.1401869158878504,0.9433161020278932,0.0507612899260122,0.038241386,-0.0006185946198986,0.0554561717352415,0.0560747663551401,0.0217196596506941,-10.166667396192167,2002,7.6
17,m13,airplane!,1,1,1,3,-2.207684059804464,0.5631578947368421,0.3132530120481928,0.1121495327102803,0.253012048192771,0.2429906542056074,0.8992806673049927,0.0869113908084425,-0.014493108,0.0629433622339826,0.072289156626506,0.0093457943925233,-0.0490054249547921,16.441164624269863,1980,7.7
18,m130,marty,1,1,1,3,3.282186266300116,0.4553376906318083,0.328,0.1531100478468899,0.184,0.1913875598086124,0.9383522868156432,0.0619382236536976,0.005845964,0.0104306220095693,0.02,0.0095693779904306,0.1290279329608938,8.85768887371845,1955,7.6
19,m132,meet john doe,1,1,1,3,5.319855392587812,0.3966346153846153,0.1832669322709163,0.206060606060606,0.1195219123505976,0.1272727272727272,0.9564528465270996,0.0489870751002471,0.008860469,0.0233973198116624,0.0597609561752988,0.0363636363636363,-0.0221718652803697,-2.632763866711173,1941,7.6
20,m134,metropolis,1,0,0,1,-6.011830243434005,0.2694300518134715,0.0921985815602836,0.1153846153846153,0.0780141843971631,0.0576923076923076,0.8836145401000977,0.1064695238679169,0.051965952,-0.0151391162029459,0.0425531914893617,0.0576923076923076,-0.1235119047619047,-8.901266928789866,1927,8.3
21,m137,monkeybone,1,1,1,3,-4.081731242660851,0.309623430962343,0.1636363636363636,0.2297297297297297,0.2,0.2027027027027027,0.8990410566329956,0.0600330322601055,0.04151523,0.0275184275184275,0.0545454545454545,0.027027027027027,0.131503920171062,-9.567005293431045,2001,4.8
22,m139,mr. smith goes to washington,1,1,0,2,-3.954675180703262,0.3139013452914798,0.238562091503268,0.2107142857142857,0.1862745098039215,0.1821428571428571,0.9585818648338318,0.0384472440797505,0.016181111,-0.0384453781512605,0.0294117647058823,0.0678571428571428,-0.1368086040386303,0.0912654193841113,1939,8.1
23,m14,alien nation,1,0,0,1,-7.784822587159567,0.0634328358208955,0.247011952191235,0.4117647058823529,0.2430278884462151,0.2352941176470588,0.7650354504585266,0.192555592838018,0.20397699,0.0168736817436137,0.0756972111553784,0.0588235294117647,-0.1093969144460027,-9.18337971403896,1988,6.3
24,m140,mr. deeds goes to town,1,1,1,3,-0.458748712070431,0.2544459644322845,0.1981651376146789,0.2258064516129032,0.1651376146788991,0.1451612903225806,0.9363513588905334,0.0500214227855594,0.031086683,0.0353753576008681,0.0568807339449541,0.021505376344086,0.0347599352634417,-7.60262986322034,1936,7.8
25,m143,mystery men,1,0,0,1,6.578939422374063,0.2326283987915408,0.1062992125984252,0.1298701298701298,0.1535433070866141,0.1428571428571428,0.918893575668335,0.0760872640813909,0.04150039,0.0460681051232232,0.0590551181102362,0.0129870129870129,-0.0459330143540669,-6.73019992189567,1999,6.1
26,m145,next friday,1,1,0,2,5.945246269671728,0.0717821782178217,0.1013333333333333,0.0689655172413793,0.1146666666666666,0.0689655172413793,0.8940577507019043,0.1333160518725969,0.08930451,0.0613333333333333,0.0613333333333333,0.0,0.2938071780436313,3.598740440845704,2000,6.1
27,m146,nick of time,1,1,1,3,-0.5216202953016875,0.3175487465181058,0.1469387755102041,0.1228070175438596,0.1877551020408163,0.1140350877192982,0.9533969163894652,0.056632318395793,0.017505944,0.0459362692445399,0.0897959183673469,0.043859649122807,0.2667131404670617,-0.4598775299412239,1995,6.3
28,m148,a nightmare on elm street,1,1,1,3,-2.7804045904284607,0.6779661016949152,0.1578947368421052,0.175,0.0526315789473684,0.05625,0.9163798093795776,0.0905103203193992,-0.030335903,0.0088815789473684,0.0526315789473684,0.04375,-0.1162790697674418,-4.515355994198146,1984,7.4
29,m149,ninotchka,1,1,1,3,-0.8597795127113272,0.4620829120323559,0.2368421052631578,0.2385120350109409,0.2368421052631578,0.3763676148796498,0.9728018045425416,0.0317101333613635,0.0024280548,-0.0065069676379131,0.0263157894736842,0.0328227571115973,-0.0605883498928502,1.6861596710526072,1939,7.8
30,m15,aliens,1,1,1,3,-14.296726209029757,0.4909638554216867,0.1952662721893491,0.1656441717791411,0.1597633136094674,0.1165644171779141,0.9298500418663024,0.0425018990424729,0.00046145916,0.0517297709369441,0.0946745562130177,0.0429447852760736,0.0048487647194643,0.1929907010069413,1986,8.4
31,m151,no country for old men,1,1,1,3,6.584194432891763,0.2229965156794425,0.1995515695067264,0.078125,0.1143497757847533,0.09375,0.9505506753921508,0.0590841453166235,0.027182281,0.0146090246636771,0.0224215246636771,0.0078125,0.045984154109057,13.63172899377067,2007,8.2
32,m153,"o brother, where art thou?",0,0,0,0,-5.716869781682533,0.1153846153846153,0.1565217391304348,0.1666666666666666,0.1782608695652174,0.1,0.8250423669815063,0.1618755020765858,0.13289183,0.0347826086956521,0.0347826086956521,0.0,0.074074074074074,-2.0370083491908613,2000,7.7
33,m154,an officer and a gentleman,1,1,1,3,1.7988130715599908,0.310838445807771,0.1988130563798219,0.2763157894736842,0.1572700296735905,0.1381578947368421,0.945665180683136,0.0528315766998576,0.021215439,0.0073598313290645,0.0534124629080118,0.0460526315789473,0.109237794169301,-7.057263032968567,1982,7.1
34,m155,panic room,1,1,1,3,-10.423624774423471,0.4597014925373134,0.1988950276243093,0.0584415584415584,0.1602209944751381,0.1038961038961039,0.9260826706886292,0.0932641462649243,0.0058341622,-0.0405036951998278,0.0828729281767955,0.1233766233766233,-0.0703020582731889,9.36467348544453,2002,6.8
35,m16,amadeus,1,1,1,3,-6.345265780622114,0.1979638009049773,0.2256699576868829,0.12,0.306064880112835,0.2114285714285714,0.9358158111572266,0.0343659394683466,0.03807074,-0.0161676405399959,0.0352609308885754,0.0514285714285714,0.0849264705882353,7.44764076463008,1984,8.4
36,m163,punch-drunk love,1,0,0,1,0.3601716169292501,0.4005376344086021,0.1255605381165919,0.1677852348993288,0.1726457399103139,0.1275167785234899,0.9675882458686828,0.0550790195023141,0.0065311193,0.0067415054022331,0.0134529147982062,0.0067114093959731,0.0953804347826087,-5.196258708915551,2002,7.3
37,m166,raging bull,1,0,0,1,-0.9343880075517176,0.218978102189781,0.2118380062305296,0.0666666666666666,0.1090342679127725,0.1111111111111111,0.9035888314247132,0.0611987368735417,0.052405894,0.0543094496365524,0.0654205607476635,0.0111111111111111,0.108430101040567,10.065862330244215,1980,8.1
38,m167,rear window,1,1,1,3,0.7578645341771164,0.3662477558348294,0.2407932011331444,0.284313725490196,0.1473087818696883,0.2205882352941176,0.9582937955856324,0.0345391403803881,0.011698544,0.0053463311670277,0.0396600566572237,0.034313725490196,0.0019100793417573,-3.737184225408321,1954,8.5
39,m168,rebel without a cause,1,0,0,1,0.1574103901852055,0.2317073170731707,0.1428571428571428,0.1353383458646616,0.1043083900226757,0.1203007518796992,0.964457392692566,0.0532805463798786,0.01940316,0.031984723714047,0.0770975056689342,0.0451127819548872,-0.05125,-1.195900233616463,1955,7.6
40,m17,an american werewolf in london,1,1,0,2,0.6216971570581222,0.3007246376811594,0.1865284974093264,0.180722891566265,0.1761658031088082,0.108433734939759,0.9449870586395264,0.0604935628352096,0.020959198,0.0605530932018228,0.0906735751295336,0.0301204819277108,-0.0262428203604674,-3.0566473048904115,1981,7.5
41,m170,reservoir dogs,0,0,0,0,7.120057666905964,0.0129870129870129,0.3070175438596491,0.1666666666666666,0.1951754385964912,0.0,0.6860978603363037,0.2057043238698369,0.30454898,0.0460526315789473,0.0460526315789473,0.0,0.1777777777777778,-3.339893373318336,1992,8.3
42,m172,scary movie 2,1,1,1,3,-0.3056814717214706,0.3693693693693693,0.2321428571428571,0.1768292682926829,0.1714285714285714,0.1036585365853658,0.9663404822349548,0.0354175254045587,0.00780952,-0.0048780487804878,0.05,0.0548780487804878,0.0388755980861244,-2.306948961112301,2001,5.4
43,m173,serial mom,1,1,1,3,-1.5695180169442011,0.6358024691358025,0.1440677966101695,0.0825242718446602,0.1440677966101695,0.1116504854368932,0.92527174949646,0.0749171167134855,-0.019519448,0.0217212440348856,0.0508474576271186,0.029126213592233,-0.0869674185463659,6.922126757176276,1994,6.8
44,m175,"sex, lies, and videotape",1,1,0,2,-9.70537312727042,0.546189376443418,0.2951653944020356,0.3784355179704017,0.1679389312977099,0.1395348837209302,0.9773449301719666,0.0185023058790986,-0.0021668673,0.0115068670012749,0.0305343511450381,0.0190274841437632,-0.0519563106378956,-7.650389310361554,1989,7.2
45,m178,sideways,1,1,1,3,-2.2984296104419286,0.2037037037037037,0.2217054263565891,0.2484848484848484,0.1627906976744186,0.1272727272727272,0.9546576738357544,0.0527091107786437,0.026284873,0.031430584918957,0.0496124031007751,0.0181818181818181,0.173604779499976,-3.639342605150322,2004,7.5
46,m179,signs,1,0,0,1,5.399885182874598,0.1174242424242424,0.1931330472103004,0.2258064516129032,0.1373390557939914,0.1612903225806451,0.8444061875343323,0.158189354167597,0.11830348,-0.0710231205870137,0.0257510729613733,0.0967741935483871,0.2514880952380952,5.323684155800944,2002,6.8
47,m187,solaris,1,0,0,1,-2.596486324645454,0.3081570996978852,0.1877729257641921,0.2941176470588235,0.1615720524017467,0.1666666666666666,0.9319650530815125,0.0770540389394082,0.024741173,0.0262008733624454,0.0262008733624454,0.0,0.0545203588681849,-6.56534964285018,2002,6.2
48,m19,american outlaws,1,0,0,1,1.7677718708899732,0.1269113149847094,0.1733800350262697,0.108433734939759,0.1190893169877408,0.108433734939759,0.92191481590271,0.0898444154222092,0.057870507,-0.0285063194986601,0.0437828371278458,0.072289156626506,0.1417514124293785,5.908075379214104,2001,5.9
49,m190,stalag 17,0,0,0,0,22.948833032714205,0.0402843601895734,0.1358024691358024,0.2941176470588235,0.1432098765432098,0.2941176470588235,0.7332766652107239,0.1325429819447724,0.24580657,0.0769789397240377,0.1358024691358024,0.0588235294117647,-0.0097560975609756,-8.09260126610966,1953,7.9
50,m192,star trek iii: the search for spock,1,0,0,1,20.369738231535457,0.2029850746268656,0.1610486891385767,0.1911764705882352,0.2097378277153558,0.4411764705882353,0.9150668382644652,0.0832636788425662,0.052365005,0.0377285745758977,0.0524344569288389,0.0147058823529411,0.2470508931580721,-4.488472582769777,1984,6.7
51,m193,star trek: the wrath of khan,1,1,1,3,-0.0821805847364629,0.1897233201581027,0.1804878048780487,0.1145833333333333,0.2195121951219512,0.1979166666666666,0.9251760244369508,0.0755090570158377,0.04504019,0.0241869918699187,0.0658536585365853,0.0416666666666666,0.17044911610129,4.53690552203733,1982,7.7
52,m195,star trek: insurrection,1,1,1,3,-5.157644474162623,0.1865284974093264,0.197452229299363,0.3333333333333333,0.1910828025477707,0.2638888888888889,0.9232421517372132,0.0524215820018031,0.04763168,0.0327317763623496,0.0605095541401273,0.0277777777777777,0.0128571428571429,-9.843910883357992,1998,6.4
53,m196,star trek: first contact,1,1,1,3,-13.730796282027214,0.2231638418079096,0.16,0.1265822784810126,0.1927272727272727,0.240506329113924,0.8478438854217529,0.1332036664770534,0.08572656,0.0075489067894131,0.0581818181818181,0.050632911392405,0.0846153846153845,5.935748099618701,1996,7.6
54,m197,star trek vi: the undiscovered country,1,1,0,2,-10.753895598956577,0.0623376623376623,0.1800554016620498,0.1666666666666666,0.2049861495844875,0.2083333333333333,0.7773938775062561,0.1449274919979191,0.1940853,-0.0834487534626038,0.0415512465373961,0.125,0.0185280494081317,1.596305250759407,1991,7.2
55,m198,star trek: nemesis,1,0,0,1,-3.8659535301007257,0.0955284552845528,0.2808988764044944,0.5106382978723404,0.2404494382022471,0.2553191489361702,0.8877484798431396,0.0816606111725036,0.09037858,0.0337078651685393,0.0337078651685393,0.0,-0.0132618235007313,-13.13726758286176,2002,6.4
56,m199,starman,0,0,0,0,-4.12354712876963,0.4017391304347826,0.1337209302325581,0.0735930735930736,0.1598837209302325,0.1038961038961039,0.9374090433120728,0.0379460101288009,0.01155293,0.0003146078727474,0.0436046511627907,0.0432900432900432,-0.0334980183506161,7.101284933607992,1984,7.0
57,m20,american psycho,1,1,1,3,-2.536483621008344,0.2576219512195122,0.2135523613963039,0.1834319526627219,0.1314168377823408,0.1183431952662721,0.9336370229721068,0.0429565312295539,0.029969513,-0.0078368953744091,0.0513347022587269,0.059171597633136,0.001618996222342,1.0901393716299772,2000,7.6
58,m200,strange days,1,1,1,3,0.8359248335403606,0.3286852589641434,0.1988130563798219,0.1333333333333333,0.1928783382789317,0.1757575757575757,0.928668975830078,0.0433761029658599,0.021819234,-0.0046039025267511,0.0741839762611275,0.0787878787878787,0.2357375246299775,1.374089341733427,1995,7.2
59,m202,swingers,1,1,0,2,-5.230934620324902,0.14375,0.1737226277372262,0.1478260869565217,0.1328467153284671,0.1913043478260869,0.9310239553451538,0.0635771814978237,0.04863763,0.0191050460171374,0.0364963503649635,0.017391304347826,0.1774466692282513,0.6657983313639129,1996,7.2
60,m21,antitrust,1,1,0,2,-2.600281450841962,0.2514851485148515,0.2195767195767195,0.2834645669291338,0.1296296296296296,0.0866141732283464,0.9441278576850892,0.0779737443643402,0.027202964,0.0344540265800108,0.0423280423280423,0.0078740157480314,0.0807740195061216,-13.11534661815378,2001,6.1
61,m218,thirteen days,1,0,0,1,4.137513163345787,0.097165991902834,0.3183856502242152,0.4583333333333333,0.1659192825112107,0.25,0.8691489100456238,0.1486856397971012,0.10249448,0.0448430493273542,0.0448430493273542,0.0,-0.2083333333333333,-4.125683220171176,2000,7.3
62,m22,austin powers: international man of mystery,1,1,0,2,-7.678142603214766,0.2817551963048499,0.1704180064308681,0.1885245901639344,0.2057877813504823,0.1885245901639344,0.9243177771568298,0.0444175771957662,0.032307565,-0.0401665700279373,0.0418006430868167,0.081967213114754,0.0056277056277056,-4.505364453858133,1997,7.0
63,m221,total recall,1,0,0,1,-2.048247344517449,0.2153465346534653,0.1419558359621451,0.1839080459770115,0.1514195583596214,0.1149425287356321,0.937762439250946,0.0629776327689713,0.034844637,-0.0015954168026396,0.0788643533123028,0.0804597701149425,0.1873840445269016,-8.676645750702995,1990,7.5
64,m222,tremors,1,1,1,3,3.457539617722432,0.1428571428571428,0.1794871794871795,0.2884615384615384,0.1346153846153846,0.3269230769230769,0.8835489749908447,0.0848166600374158,0.08286971,-0.0512820512820512,0.0833333333333333,0.1346153846153846,0.075,-8.090427099797918,1990,7.2
65,m224,twin peaks: fire walk with me,1,1,1,3,-4.091243825748705,0.4231433506044905,0.2425149700598802,0.1918367346938775,0.1706586826347305,0.1591836734693877,0.9127202033996582,0.0506357211108961,0.008561134,0.0163387510692899,0.0449101796407185,0.0285714285714285,-0.0489321659438671,0.1354442492552543,1992,7.3
66,m227,new nightmare,1,1,1,3,-6.323536963349142,0.6148148148148148,0.2019230769230769,0.1325301204819277,0.173076923076923,0.144578313253012,0.9392077922821044,0.0446093253690323,-0.015506029,0.0360287303058387,0.048076923076923,0.0120481927710843,-0.1421758899855827,0.2586466165413554,1994,6.4
67,m229,wild at heart,1,1,0,2,-0.5463889919576701,0.4494086727989487,0.1813842482100238,0.3421052631578947,0.1742243436754176,0.1286549707602339,0.9480584859848022,0.0286034458530443,0.0036853552,0.0269647866683414,0.0620525059665871,0.0350877192982456,-0.0229433308392076,-10.552139373722106,1990,7.2
68,m230,wonder boys,1,0,0,1,-4.453002110903839,0.1480552070263488,0.2150220913107511,0.3728813559322034,0.1296023564064801,0.2288135593220339,0.9570677280426024,0.051585505727803,0.029974341,0.0412371134020618,0.0412371134020618,0.0,0.05175983436853,-10.989017958470964,2000,7.2
69,m234,agnes of god,1,1,1,3,1.54758070147507,0.9904076738609112,0.125,0.1670702179176755,0.125,0.1150121065375302,0.5691106915473938,0.2185307206473551,-0.4221062,-0.0133171912832929,0.0,0.0133171912832929,-0.2962264150943396,-9.129577757028736,1985,6.6
70,m236,alien,1,1,1,3,,0.0,0.1431623931623931,0.0,0.1474358974358974,0.0,,,,,0.0619658119658119,,0.1733333333333333,,1979,8.5
71,m238,all about eve,1,1,1,3,-3.888107712086722,0.6632739609838847,0.2745591939546599,0.2966751918158568,0.2292191435768261,0.2084398976982097,0.9819558262825012,0.0278993728584195,-0.0060608387,-0.0041841947599322,0.0226700251889168,0.0268542199488491,-0.037684823788366,-3.0687363686049167,1950,8.2
72,m24,bachelor party,1,1,1,3,5.028457981890497,0.2437923250564334,0.1164179104477611,0.1851851851851851,0.1313432835820895,0.1111111111111111,0.93242347240448,0.0505499094452571,0.03319931,-0.0540906578220011,0.0477611940298507,0.1018518518518518,0.169298245614035,-10.459049620899332,1984,6.3
73,m241,an american werewolf in paris,1,0,0,1,0.4957149972788812,0.2857142857142857,0.2375,0.1770833333333333,0.1875,0.15625,0.9279442429542542,0.0361331486507104,0.030899584,-0.01875,0.0333333333333333,0.0520833333333333,-0.0248511314013496,1.3200531814932646,1997,5.1
74,m243,annie hall,1,1,1,3,-5.30676760120059,0.4504950495049505,0.1729729729729729,0.167032967032967,0.2072072072072072,0.156043956043956,0.9487162828445436,0.0209735039647049,0.0019569397,0.0188496188496188,0.0342342342342342,0.0153846153846153,-0.0196368795032292,-4.5809118493141145,1977,7.9
75,m245,antz,1,1,1,3,-4.498605743424434,0.4,0.1773049645390071,0.1170212765957446,0.1347517730496454,0.2127659574468085,0.9383788704872132,0.0835735476363688,0.009526968,0.0248226950354609,0.0780141843971631,0.0531914893617021,0.0334051724137931,2.025834148324084,1998,6.5
76,m247,apocalypse now,0,0,0,0,5.221887173633874,0.0441458733205374,0.1726907630522088,0.1739130434782608,0.1586345381526104,0.391304347826087,0.7899391651153564,0.1810782023817014,0.18914485,0.036144578313253,0.036144578313253,0.0,0.1386406152567033,2.7550176042055394,1979,8.4
77,m248,arctic blue,1,0,0,1,-1.0883454007894215,0.1815384615384615,0.131578947368421,0.1016949152542373,0.1090225563909774,0.1016949152542373,0.9138015508651732,0.0745356074605843,0.054626286,0.0337071492290047,0.1015037593984962,0.0677966101694915,-0.046583850931677,0.1031701155505295,1993,5.1
78,m249,as good as it gets,1,1,1,3,-0.1237099077605705,0.3801801801801802,0.1976744186046511,0.1800947867298578,0.2063953488372093,0.2085308056872037,0.9687870740890504,0.0425526987197405,0.0074260235,-0.0132673867519012,0.0436046511627907,0.0568720379146919,-0.0805407817904564,1.201874645773669,1997,7.7
79,m25,backdraft,1,0,0,1,-0.1020322306437151,0.1537001897533206,0.2242152466367713,0.3209876543209876,0.1591928251121076,0.0864197530864197,0.9371924996376038,0.0850433592034012,0.042064786,0.0246359962353983,0.0493273542600896,0.0246913580246913,-0.0141975308641975,-12.531861656104574,1991,6.7
80,m250,assassins,1,0,0,1,0.5826001422752114,0.3518518518518518,0.28,0.1421052631578947,0.1771428571428571,0.1105263157894736,0.949957311153412,0.0789651585996149,0.014114857,0.0094736842105263,0.02,0.0105263157894736,0.1041474654377879,5.707800013721389,1995,6.3
81,m252,a walk to remember,1,1,1,3,-4.196835299394451,0.3798449612403101,0.134375,0.1428571428571428,0.1,0.1224489795918367,0.9694684743881226,0.0430767903668897,0.007343471,-0.0005102040816326,0.025,0.0255102040816326,-0.0083333333333333,0.3779393511392221,2002,7.3
82,m253,back to the future,1,1,0,2,1.959486599459936,0.1391585760517799,0.2781954887218045,0.2093023255813953,0.2669172932330827,0.0697674418604651,0.8660985827445984,0.104394464171403,0.09294093,0.010578772512677,0.0338345864661654,0.0232558139534883,0.2236734693877551,-3.692112536516035,1985,8.5
83,m254,badlands,0,0,0,0,-1.597885731701595,0.3368794326241134,0.1925133689839572,0.1263157894736842,0.0909090909090909,0.0631578947368421,0.9302796721458436,0.0340573809224751,0.020661473,0.0112018012946805,0.0427807486631016,0.031578947368421,0.0728088336783988,1.7178024079108525,1973,7.7
84,m256,barton fink,1,0,0,1,6.053674438360019,0.1271551724137931,0.2938271604938272,0.2542372881355932,0.1407407407407407,0.1864406779661017,0.8448280096054077,0.1764476114311972,0.11134297,-0.023352165725047,0.0444444444444444,0.0677966101694915,-0.0408964294758167,2.4540788539930354,1991,7.6
85,m257,basic instinct,1,0,0,1,3.100004243120651,0.3706422018348624,0.1690962099125364,0.1782178217821782,0.0787172011661807,0.1089108910891089,0.9593865871429444,0.0320882657852118,0.010300875,0.0230493894870536,0.0379008746355685,0.0148514851485148,-0.0501552618316019,-0.6187308626332992,1992,7.1
86,m258,basquiat,1,1,0,2,0.0376801917597475,0.1775456919060052,0.2222222222222222,0.3088235294117647,0.1238095238095238,0.1617647058823529,0.9195672273635864,0.078276013042726,0.051960945,0.0634920634920634,0.0634920634920634,0.0,0.0150829562594269,-14.758080199029422,1996,6.9
87,m259,batman returns,0,0,0,0,-5.728773625835942,0.3557312252964427,0.2883435582822086,0.1222222222222222,0.1901840490797546,0.1444444444444444,0.9265283942222596,0.0815447224935686,0.01989901,0.0134287661895023,0.0245398773006134,0.0111111111111111,0.0480769230769231,12.858508138049404,1992,7.1
88,m261,batman forever,1,0,0,1,0.8645779035795726,0.2288732394366197,0.2146118721461187,0.2769230769230769,0.1735159817351598,0.123076923076923,0.914881467819214,0.0978607125777811,0.044992685,-0.0158763610818405,0.045662100456621,0.0615384615384615,0.0209790209790209,-8.973003740445602,1995,5.4
89,m264,beavis and butt-head do america,1,0,0,1,4.10291525403845,0.0581818181818181,0.138996138996139,0.0625,0.1042471042471042,0.0625,0.6793501377105713,0.299027900057206,0.28701746,0.0347490347490347,0.0347490347490347,0.0,0.1869918699186992,10.948277714506734,1996,6.8
90,m265,beetle juice,1,1,1,3,1.283666596400053,0.5576923076923077,0.1782608695652174,0.2172413793103448,0.1782608695652174,0.2310344827586206,0.96510249376297,0.0437166724057136,-0.004312396,0.0272863568215892,0.0652173913043478,0.0379310344827586,0.0003482904742555,-0.9134843755709277,1988,7.5
91,m266,being there,1,1,0,2,7.067207952095728,0.3094890510948905,0.2219873150105708,0.4056603773584906,0.3065539112050739,0.4009433962264151,0.8791534900665283,0.0802171863925514,0.042129338,-0.0066715864214767,0.0169133192389006,0.0235849056603773,0.0146044585116151,-1.163384476415132,1979,7.9
92,m267,being john malkovich,1,1,1,3,-5.750693068350699,0.3822075782537067,0.1973333333333333,0.1896551724137931,0.2533333333333333,0.1594827586206896,0.9650259017944336,0.0553225182213632,0.007683277,0.0168045977011494,0.0426666666666666,0.0258620689655172,0.0716854283927455,-1.159219830630164,1999,7.7
93,m271,blade ii,1,0,0,1,4.71461969525447,0.3410404624277456,0.1842105263157894,0.3559322033898305,0.0350877192982456,0.2203389830508474,0.8864448070526123,0.1334825098235863,0.036872983,0.0789473684210526,0.0789473684210526,0.0,-0.1333333333333333,-9.310543161617076,2002,6.7
94,m274,blood simple.,1,0,0,1,5.292538137211636,0.3588850174216028,0.1358695652173913,0.1650485436893204,0.1413043478260869,0.0679611650485436,0.9368253350257874,0.06363983237944,0.015332103,0.0294955677501055,0.0489130434782608,0.0194174757281553,-0.0959809624537281,-6.568935061759127,1984,7.5
95,m276,blow,1,0,0,1,-1.2709337260261009,0.1380880121396054,0.1443661971830986,0.0659340659340659,0.2799295774647887,0.1428571428571428,0.949836492538452,0.0458874011894854,0.035377562,-0.003463086209565,0.0404929577464788,0.0439560439560439,0.2130249192431933,5.485861247125546,2001,7.5
96,m277,la battaglia di algeri,1,0,0,1,12.70062211309883,0.3292682926829268,0.0727272727272727,0.5185185185185185,0.2363636363636363,0.6296296296296297,0.8293386697769165,0.1088678302892079,0.062146902,-0.0202020202020201,0.0909090909090909,0.1111111111111111,-0.1666666666666666,-16.549995678852305,1966,8.1
97,m28,barry lyndon,1,0,0,1,5.366547692364037,0.1644736842105263,0.3385826771653543,0.36,0.515748031496063,0.78,0.8915172219276428,0.132307357751744,0.072553635,-0.0081889763779527,0.0118110236220472,0.02,0.10632149307646,1.1113716413658177,1975,8.1
98,m285,broadcast news,1,1,1,3,-5.324819829674809,0.3618233618233618,0.2566964285714285,0.2401574803149606,0.1941964285714285,0.1338582677165354,0.9805135726928712,0.0325381176740406,0.0050069094,0.0092097862767154,0.0446428571428571,0.0354330708661417,-0.023046283452743,-3.123952186058439,1987,7.3
99,m286,a bucket of blood,1,1,0,2,-1.547056478514321,0.3473193473193473,0.1464285714285714,0.1812080536912751,0.0892857142857142,0.1409395973154362,0.9256474375724792,0.0727874113045601,0.022442043,-0.0385426653883029,0.0285714285714285,0.0671140939597315,-0.0895732174801942,-0.3451581975071924,1959,6.7
100,m287,buffy the vampire slayer,1,1,1,3,-0.204024882799203,0.6035598705501618,0.2,0.1715817694369973,0.1469387755102041,0.1528150134048257,0.9728930592536926,0.0433853482742497,-0.005524397,0.0278929802483996,0.073469387755102,0.0455764075067024,-0.0337573964497041,2.152940086282346,1992,5.7
101,m288,bull durham,1,1,0,2,0.0999537466286142,0.3192771084337349,0.2241887905604719,0.2389937106918239,0.0943952802359882,0.1886792452830188,0.957180917263031,0.0424252560404243,0.016046107,0.0246006567596148,0.0560471976401179,0.0314465408805031,0.0086411821394153,0.5016120484767157,1988,7.0
102,m29,basic,1,1,1,3,3.754532366604536,0.23421926910299,0.227765726681128,0.1631205673758865,0.1540130151843818,0.1205673758865248,0.94862961769104,0.0508601690497176,0.027052343,-0.02044583929478,0.0433839479392624,0.0638297872340425,-0.0652744493894784,0.8957440936915795,2003,6.4
103,m290,catwoman,1,1,1,3,-2.389173260686931,0.5254901960784314,0.3140495867768595,0.2462686567164179,0.2975206611570248,0.2761194029850746,0.934821367263794,0.0814993290275825,-0.004027188,-0.0298507462686567,0.0,0.0298507462686567,0.0567984418592408,3.882205438968329,2004,3.4
104,m291,cellular,1,1,1,3,-0.7757938480486359,0.3503875968992248,0.1909307875894988,0.1858407079646017,0.0954653937947494,0.1504424778761062,0.9423843622207642,0.0327203541871179,0.017315686,0.0253131138192493,0.0739856801909307,0.0486725663716814,0.0887749595250944,1.224051964625911,2004,6.5
105,m294,cherry falls,1,1,1,3,-3.738503393077977,0.6191588785046729,0.1595092024539877,0.1584905660377358,0.2024539877300613,0.1094339622641509,0.9582369327545166,0.0389713286316912,-0.00920248,0.0066211367056372,0.0368098159509202,0.030188679245283,-0.0560640245200289,-3.2488494051641794,2000,5.3
106,m296,chinatown,1,1,0,2,-4.426932833559533,0.229987293519695,0.1864686468646864,0.2320441988950276,0.1122112211221122,0.1325966850828729,0.9440202713012696,0.031890680891934,0.029162824,0.0218806411027843,0.0495049504950495,0.0276243093922651,0.1079354173823428,-10.24059545739319,1974,8.1
107,m298,citizen kane,1,0,0,1,-5.29354344282325,0.5735056542810986,0.3977272727272727,0.276056338028169,0.2613636363636363,0.2478873239436619,0.920556366443634,0.0351936352409957,-0.010542333,-0.0317648314127187,0.0189393939393939,0.0507042253521126,-0.0952030064107287,7.113386840281411,1941,8.3
108,m299,clerks.,1,0,0,1,-1.9483158385935864,0.1965742251223491,0.1766497461928934,0.2157676348547718,0.1319796954314721,0.1161825726141078,0.9502509832382202,0.0247753472749645,0.03016138,0.0031762748278113,0.0446700507614213,0.0414937759336099,0.1419893899204244,1.0127737300684103,1994,7.7
109,m3,2001: a space odyssey,0,0,0,0,-2.7261768188328404,0.0336538461538461,0.3383084577114428,0.1428571428571428,0.2537313432835821,0.1428571428571428,0.6222174167633057,0.3249323520551853,0.35012782,0.0049751243781094,0.0049751243781094,0.0,0.0807881773399015,18.925608659097996,1968,8.3
110,m30,big fish,1,0,0,1,-2.5709067726886303,0.2713178294573643,0.2340425531914893,0.219047619047619,0.2482269503546099,0.2,0.9561887383461,0.0518464214341542,0.019673288,-0.0037487335359675,0.0248226950354609,0.0285714285714285,0.0008484162895927,0.2360286006909966,2003,8.0
111,m300,cliffhanger,1,0,0,1,1.027536836445293,0.2766884531590414,0.1234939759036144,0.2283464566929134,0.1325301204819277,0.1417322834645669,0.941370964050293,0.0579263617069814,0.025261998,0.0375675932074755,0.108433734939759,0.0708661417322834,-0.0221415607985481,-8.145388814669062,1993,6.5
112,m301,a clockwork orange,1,0,0,1,8.592848099424359,0.0632530120481927,0.2315112540192926,0.2857142857142857,0.2636655948553054,0.7619047619047619,0.827811598777771,0.2294569280252407,0.14978075,0.0006124636349716,0.0482315112540192,0.0476190476190476,0.0803418803418802,-0.359886085643966,1971,8.2
113,m302,collateral,1,0,0,1,0.07921105838372,0.1087786259541984,0.1777301927194861,0.1929824561403508,0.1006423982869379,0.175438596491228,0.933713436126709,0.0708122664647922,0.051753044,0.0158909049926744,0.0685224839400428,0.0526315789473684,0.0712472108948218,-1.9351560678224689,2004,7.5
114,m303,conspiracy theory,1,1,0,2,2.368650704452236,0.4421906693711968,0.2363636363636363,0.1743119266055046,0.1672727272727272,0.0963302752293578,0.954506516456604,0.0372355808992998,0.0034608245,-0.0121934945788156,0.029090909090909,0.0412844036697247,-0.0439613526570047,-2.9240448855159897,1997,6.7
115,m305,cool hand luke,1,0,0,1,-1.9306736489622267,0.0643939393939393,0.117408906882591,0.2352941176470588,0.1133603238866396,0.1764705882352941,0.8122947216033936,0.2005498274105811,0.15898621,0.0221481305072636,0.0809716599190283,0.0588235294117647,0.0845130845130844,-1.0766638056290834,1967,8.0
116,m306,copycat,1,1,1,3,0.4889766169623755,0.648854961832061,0.2282608695652173,0.1823529411764705,0.2445652173913043,0.2617647058823529,0.9425025582313538,0.038395253424573,-0.016898453,-0.0141943734015345,0.0652173913043478,0.0794117647058823,-0.0553866245638656,2.964228273915793,1995,6.6
117,m312,cruel intentions,1,1,1,3,-2.372877317453316,0.5507425742574258,0.2176308539944903,0.197752808988764,0.1818181818181818,0.1730337078651685,0.9793603420257568,0.0224467874650731,-0.0022050142,0.002395765623549,0.0495867768595041,0.047191011235955,0.0926703402431557,2.1708170209216,1999,6.8
118,m316,dave,1,1,1,3,-4.435275833482024,0.1221532091097308,0.1556603773584905,0.1694915254237288,0.070754716981132,0.0847457627118644,0.9111453294754028,0.08206544417686,0.06671834,0.0066357531180044,0.0235849056603773,0.0169491525423728,0.10231051986697,1.480395140983422,1993,6.9
119,m317,day of the dead,0,0,0,0,2.451614503274584,0.4305555555555556,0.2317073170731707,0.1612903225806451,0.2195121951219512,0.2903225806451613,0.8835688829421997,0.112440889928178,0.015940785,-0.0601888276947285,0.0365853658536585,0.0967741935483871,-0.093095238095238,0.987626714370899,1985,7.1
120,m318,dead poets society,1,0,0,1,-6.867646985437446,0.1091314031180401,0.235,0.1836734693877551,0.23,0.0612244897959183,0.827626645565033,0.1321746297723432,0.12872243,0.0425,0.0425,0.0,0.233684718757544,-1.5518194949337634,1989,8.1
121,m321,demolition man,0,0,0,0,7.752272542986006,0.3544973544973545,0.0245901639344262,0.1940298507462686,0.040983606557377,0.1044776119402985,0.8881973028182983,0.1122506780107695,0.03526491,-0.0128456080254465,0.1065573770491803,0.1194029850746268,-0.1101614434947768,-13.866133455478629,1993,6.7
122,m323,die hard,1,1,1,3,-0.0336700317192821,0.0980392156862745,0.217391304347826,0.2,0.1913043478260869,0.08,0.8211027979850769,0.1374769400705824,0.13929403,-0.0095652173913043,0.0304347826086956,0.04,0.1595421952564809,1.6504571048590415,1988,8.2
123,m324,dog day afternoon,1,1,1,3,5.98949097631305,0.1256117455138662,0.1548507462686567,0.2337662337662337,0.1212686567164179,0.3116883116883117,0.9259836077690125,0.0748937291876968,0.056061506,0.0243991083543322,0.0503731343283582,0.0259740259740259,0.0806277056277056,-3.297676048274125,1975,8.0
124,m326,do the right thing,1,1,0,2,-4.243467567945714,0.2560706401766004,0.1008902077151335,0.1120689655172413,0.1186943620178041,0.1724137931034483,0.9246997237205504,0.117887303074557,0.037702024,0.0289573314233091,0.0979228486646884,0.0689655172413793,-0.0957787259981713,1.2728445373281208,1989,8.0
125,m328,dune,1,1,1,3,2.200675201698104,0.3045977011494253,0.1570247933884297,0.2264150943396226,0.3636363636363636,0.4150943396226415,0.9276673793792723,0.0810667224962388,0.027022481,-0.0070169967254015,0.0495867768595041,0.0566037735849056,0.0911854103343464,-7.261239324974005,1984,6.3
126,m329,ed wood,1,1,1,3,3.6549261016280497,0.1723163841807909,0.1877133105802047,0.1475409836065573,0.1945392491467577,0.2131147540983606,0.9371558427810668,0.0615827997578263,0.041433096,0.012616796284899,0.0290102389078498,0.0163934426229508,0.1956536410879396,-1.2360197219352145,1994,7.8
127,m330,edtv,1,0,0,1,0.9564515320194004,0.2957516339869281,0.1508120649651972,0.1104972375690607,0.148491879350348,0.0939226519337016,0.9710571765899658,0.0377643278455987,0.011638105,-0.0015510633115842,0.037122969837587,0.0386740331491712,0.0276874537200991,2.103752645580178,1999,6.1
128,m331,election,1,1,1,3,-5.1867456994969245,0.398921832884097,0.2511210762331838,0.1824324324324324,0.179372197309417,0.0675675675675675,0.9119962453842164,0.0726765071038561,0.015701473,-0.0226033208095988,0.0179372197309417,0.0405405405405405,-0.0480889724310776,-0.9396855501794265,1999,7.2
129,m332,l.a. confidential,1,0,0,1,-3.326983675656507,0.1391304347826087,0.1555555555555555,0.125,0.0808080808080808,0.2,0.8928715586662292,0.058780027086333,0.07743502,-0.0116161616161616,0.0383838383838383,0.05,0.1162057379167744,4.3255109992207625,1997,8.2
130,m333,enemy of the state,1,0,0,1,2.934711111642045,0.1625163826998689,0.1517996870109546,0.1774193548387097,0.0798122065727699,0.1129032258064516,0.9557316303253174,0.0462588786878653,0.029993534,0.0097556666161845,0.0500782472613458,0.0403225806451612,0.0551542254328633,-5.795378412288503,1998,7.3
131,m336,erin brockovich,1,1,1,3,-3.3303395214112186,0.6491994177583698,0.2448132780082987,0.257847533632287,0.1618257261410788,0.1457399103139013,0.9658998847007751,0.0414215716814603,-0.009773254,0.0164951714641906,0.0456431535269709,0.0291479820627802,-0.0107095046854083,1.2187791729057338,2000,7.5
132,m338,escape from the planet of the apes,1,0,0,1,32.0203622139765,0.1025641025641025,0.1714285714285714,0.5,0.1714285714285714,0.25,0.5156891345977783,0.1729453554926432,0.36102545,0.0857142857142857,0.0857142857142857,0.0,0.5,-9.18748205569911,1971,6.3
133,m339,escape from l.a.,1,0,0,1,2.837882861274423,0.0885416666666666,0.1028571428571428,0.0588235294117647,0.1085714285714285,0.2352941176470588,0.763258695602417,0.1867106605988917,0.1890232,0.0914285714285714,0.0914285714285714,0.0,0.2786144578313253,6.495846261635472,1996,5.7
134,m34,blade runner,1,0,0,1,-4.936107165451716,0.2347629796839729,0.1386430678466076,0.2692307692307692,0.1563421828908554,0.1057692307692307,0.9380000829696656,0.0622376290858478,0.03254795,0.010267755842977,0.0294985250737463,0.0192307692307692,-0.0325700750098697,-21.56202352413475,1982,8.1
135,m340,excalibur,1,0,0,1,2.640406908015265,0.1585365853658536,0.1545893719806763,0.0512820512820512,0.4685990338164251,0.2051282051282051,0.9046989679336548,0.1177451812607827,0.06709856,0.038647342995169,0.038647342995169,0.0,0.2087712939470822,6.08471542556844,1981,7.3
136,m343,face/off,1,0,0,1,2.764870640268967,0.2751677852348993,0.1712962962962963,0.1219512195121951,0.2129629629629629,0.2073170731707317,0.9163317680358888,0.0957317061240744,0.036860704,0.0235998193315266,0.0601851851851851,0.0365853658536585,0.1095319774565056,3.617729696245657,1997,7.3
137,m346,fantastic voyage,0,0,0,0,-2.9043718035471078,0.128686327077748,0.1846153846153846,0.3125,0.2153846153846154,0.125,0.8955778479576111,0.1098508689804012,0.077475905,-0.0163461538461538,0.0461538461538461,0.0625,-0.1521739130434782,-13.9676096659489,1966,6.8
138,m348,fight club,1,0,0,1,-3.322251858514022,0.1319727891156462,0.170846394984326,0.1237113402061855,0.1379310344827586,0.134020618556701,0.9450109004974364,0.0550879555637093,0.039618373,0.0339979963158064,0.0752351097178683,0.0412371134020618,0.1277713514555619,4.554263354183828,1999,8.8
139,m349,final destination 2,1,1,1,3,-3.5861593104320235,0.6041666666666666,0.2736842105263158,0.2827586206896552,0.1157894736842105,0.1379310344827586,0.9220612049102784,0.0706907788407556,-0.015560865,0.0079854809437386,0.0631578947368421,0.0551724137931034,-0.065934065934066,4.165251839275609,2003,6.2
140,m35,blast from the past,1,1,1,3,-2.2046500453179334,0.3661375661375661,0.1819699499165275,0.1878612716763005,0.1702838063439065,0.1502890173410404,0.9721803665161132,0.0513079814991364,0.006849766,-0.0534416706070811,0.021702838063439,0.0751445086705202,0.0734921816827997,0.5506940793761501,1999,6.7
141,m350,final destination,1,0,0,1,0.6814146641521432,0.2877697841726618,0.2323232323232323,0.15,0.101010101010101,0.225,0.8722389936447144,0.0841618335493578,0.053682983,-0.0744949494949495,0.0505050505050505,0.125,0.0888888888888888,4.245572416049736,2000,6.7
142,m351,rambo: first blood part ii,0,0,0,0,8.923023606800513,0.1091703056768559,0.0784313725490196,0.2,0.0637254901960784,0.16,0.7948683500289917,0.1254470437471843,0.1598711,0.0335294117647058,0.0735294117647058,0.04,-0.0595238095238095,-11.444474118675345,1985,6.5
143,m353,five easy pieces,1,1,1,3,5.834547154439264,0.4806866952789699,0.1652892561983471,0.2321428571428571,0.0826446280991735,0.1830357142857142,0.9557693600654602,0.0295216384461414,0.0025946498,0.0361939197166469,0.0495867768595041,0.0133928571428571,-0.0594676108051402,-0.8531585661351464,1970,7.4
144,m355,fletch,1,0,0,1,-3.280271220335081,0.2213855421686747,0.1315280464216634,0.1972789115646258,0.104448742746615,0.1564625850340136,0.9566820859909058,0.0547895913788029,0.0237149,0.0104738220239739,0.0444874274661508,0.0340136054421768,-0.020611035111719,-5.379775960938298,1985,6.9
145,m359,friday the 13th part iii,1,1,1,3,6.195322400927253,0.4347826086956521,0.125,0.25,0.1826923076923076,0.1375,0.9464775323867798,0.0813657520046144,0.0067496896,-0.0298076923076923,0.0576923076923076,0.0875,-0.0096504955659885,-8.710763783947153,1982,5.6
146,m36,blue velvet,1,0,0,1,-0.2213256795566422,0.4165457184325108,0.1865671641791045,0.1777003484320557,0.1741293532338308,0.1219512195121951,0.9692384004592896,0.0346272921359917,0.004683852,0.0029556052490162,0.0621890547263681,0.0592334494773519,-0.0433030433030433,1.420507863506657,1986,7.7
147,m362,friday the 13th part viii: jason takes manhattan,1,1,1,3,-0.9776276864094058,0.5803571428571429,0.1595744680851064,0.2230769230769231,0.2553191489361702,0.1384615384615384,0.9134970903396606,0.0807325405018388,-0.0115715265,0.0484451718494271,0.0638297872340425,0.0153846153846153,-0.0519480519480519,-11.932320818830457,1989,4.5
148,m364,gandhi,1,1,0,2,,0.0,0.1521739130434782,0.0,0.217391304347826,0.0,,,,,0.0217391304347826,,0.5523809523809524,,1982,8.0
149,m365,gattaca,1,0,0,1,3.6847431149934806,0.1538461538461538,0.2954545454545454,0.2291666666666666,0.178030303030303,0.1041666666666666,0.8945563435554504,0.1111494064901833,0.07233584,0.034090909090909,0.034090909090909,0.0,0.0520266182698124,-1.2555795536357088,1997,7.7
150,m367,get carter,1,0,0,1,0.6119832985176146,0.2547169811320754,0.1044303797468354,0.1851851851851851,0.0886075949367088,0.0555555555555555,0.954456865787506,0.0472964296371957,0.02149272,0.0355133614627285,0.0632911392405063,0.0277777777777777,-0.0279379157427938,-15.866088121304076,1971,7.3
151,m368,glengarry glen ross,0,0,0,0,,0.0,0.1134361233480176,0.0,0.1640969162995594,0.0,,,,,0.0297356828193832,,0.2857272851358114,,1992,7.7
152,m371,gone in sixty seconds,1,0,0,1,-1.0836999769088322,0.1371527777777778,0.1348088531187122,0.1265822784810126,0.1327967806841046,0.0759493670886076,0.9608546495437622,0.0747999133257611,0.028029978,0.0183633446247102,0.056338028169014,0.0379746835443038,0.0892111959287531,0.7062406766323495,2000,6.5
153,m372,goodfellas,1,1,1,3,-0.8963787829202943,0.2938931297709923,0.1945945945945946,0.1558441558441558,0.1513513513513513,0.1038961038961039,0.9254342913627625,0.0860887794943326,0.031703472,0.0107406107406107,0.0756756756756756,0.0649350649350649,-0.0194448230430239,1.0950345180573642,1990,8.7
154,m373,good will hunting,0,0,0,0,-2.946625445007939,0.1314553990610328,0.2243243243243243,0.2053571428571428,0.1648648648648648,0.1517857142857142,0.934280812740326,0.0569691540121614,0.047116697,0.0334942084942085,0.0513513513513513,0.0178571428571428,0.1603848330503678,-0.8134132240092491,1997,8.3
155,m375,grosse pointe blank,1,1,1,3,2.721057161244204,0.2696078431372549,0.2080536912751678,0.1363636363636363,0.1073825503355704,0.109090909090909,0.957024335861206,0.0649429400535719,0.019981742,-0.0142769981696156,0.0402684563758389,0.0545454545454545,0.2597604259094942,5.359579941897895,1997,7.3
156,m377,hackers,1,1,0,2,-1.6293366470428765,0.375,0.1351351351351351,0.1711711711711711,0.1459459459459459,0.081081081081081,0.9257485866546632,0.0964426063938894,0.018100739,0.027027027027027,0.081081081081081,0.054054054054054,0.1129180027485111,-6.045720144411584,1995,6.2
157,m379,halloween,1,1,1,3,3.180428818511672,0.7060702875399361,0.1630434782608695,0.1085972850678733,0.0760869565217391,0.1855203619909502,0.9383692741394044,0.0842992808651532,-0.025859356,-0.032559512099154,0.0217391304347826,0.0542986425339366,-0.1739130434782608,6.766254179422154,1978,7.7
158,m380,hannah and her sisters,1,1,1,3,0.0670620562465984,0.6014897579143389,0.2126168224299065,0.1656346749226006,0.1985981308411215,0.1006191950464396,0.9743248224258424,0.0253819069070007,-0.0056130886,0.0118269147304765,0.0350467289719626,0.023219814241486,-0.0177463281781927,1.751391130121462,1986,7.8
159,m383,heathers,1,1,1,3,-3.92421414636712,0.5388235294117647,0.2193877551020408,0.2445414847161572,0.2091836734693877,0.131004366812227,0.9618947505950928,0.0423165242911256,-0.0037536025,0.0438018001960609,0.0918367346938775,0.0480349344978165,-0.0642252484357748,-7.541460879267369,1988,7.1
160,m384,heavenly creatures,1,1,1,3,-0.46477648741552,0.8985507246376812,0.0,0.1612903225806451,0.238095238095238,0.1021505376344086,0.8227264881134033,0.15823758859857,-0.13941151,0.0998463901689708,0.1428571428571428,0.043010752688172,-0.1454741379310344,-17.878426698450536,1994,7.2
161,m390,hotel rwanda,1,1,0,2,-9.63240080418396,0.1881606765327695,0.109375,0.0898876404494382,0.1875,0.1235955056179775,0.9346415996551514,0.0897549437557159,0.040937364,-0.0125819288389513,0.0885416666666666,0.1011235955056179,0.215,-1.022681404663583,2004,8.1
162,m391,house on haunted hill,1,1,1,3,7.104344440436407,0.3538461538461538,0.1836734693877551,0.1739130434782608,0.1836734693877551,0.1677018633540372,0.95530903339386,0.064564047878634,0.013136864,-0.0004436557231588,0.0306122448979591,0.031055900621118,-0.0009468066792907,0.8331165961477858,1959,6.7
163,m393,hellraiser iii: hell on earth,1,1,1,3,-8.96994939968566,0.8924731182795699,0.25,0.1325301204819277,0.55,0.180722891566265,0.6912291049957275,0.3633842023413183,-0.23944658,-0.0120481927710843,0.0,0.0120481927710843,-0.1642411642411643,-2.584209080411421,1992,5.5
164,m394,hudson hawk,1,1,1,3,5.650386371209166,0.2751479289940828,0.2653061224489796,0.1397849462365591,0.2,0.2258064516129032,0.9334745407104492,0.0905689751232054,0.02982825,-0.0010972130787799,0.0204081632653061,0.021505376344086,0.1320154291224686,11.792332912546463,1991,5.7
165,m396,i walked with a zombie,1,1,1,3,-4.453837717212579,0.656140350877193,0.3265306122448979,0.3368983957219251,0.3877551020408163,0.3155080213903743,0.9283108711242676,0.0574206442939603,-0.022374153,-0.00583869911601,0.010204081632653,0.0160427807486631,0.0040529486130735,-4.39267441056489,1943,7.0
166,m4,48 hrs.,1,1,0,2,1.823505572997277,0.1615541922290388,0.248780487804878,0.2911392405063291,0.1268292682926829,0.1265822784810126,0.9268006682395936,0.0704909566302945,0.048889935,-0.0447051559123186,0.0439024390243902,0.0886075949367088,0.1163936912344555,-5.625097747600204,1982,6.9
167,m400,i still know what you did last summer,1,1,1,3,-0.418308698373707,0.5867768595041323,0.1533333333333333,0.1173708920187793,0.1533333333333333,0.0845070422535211,0.9518340826034546,0.067332282719447,-0.008656561,0.0271361502347417,0.06,0.0328638497652582,-0.0977011494252872,0.7230527503675415,1998,4.8
168,m401,isle of the dead,1,1,1,3,0.7450072539458432,0.3828996282527881,0.2349397590361445,0.3398058252427184,0.2951807228915662,0.3689320388349514,0.8882793188095093,0.0764725728625123,0.02412033,-0.0110539244356065,0.0180722891566265,0.029126213592233,-0.049093604690343,-7.868320907114011,1945,6.5
169,m403,jaws 2,1,1,0,2,7.082739330364674,0.2093023255813953,0.1092436974789916,0.1269841269841269,0.1134453781512605,0.0793650793650793,0.9627671241760254,0.058027787165811,0.021547258,0.026844070961718,0.0903361344537815,0.0634920634920634,0.0476046088538508,-5.941845764854614,1978,5.8
170,m404,jaws 3-d,1,1,1,3,0.4915140632401602,0.4063079777365491,0.0875,0.0593607305936073,0.11875,0.091324200913242,0.9750760793685912,0.0307110044991414,0.004063666,-0.0055079908675799,0.08125,0.0867579908675799,-0.053069800015563,1.6019820040168185,1983,3.7
171,m405,jaws: the revenge,1,1,1,3,0.3852008594415537,0.3786407766990291,0.1354166666666666,0.1239316239316239,0.0911458333333333,0.0854700854700854,0.9717543125152588,0.061151978725044,0.0061442256,0.0344551282051282,0.0729166666666666,0.0384615384615384,0.0182135456429273,-0.3461465623838542,1987,3.1
172,m408,jerry maguire,1,1,0,2,0.380898677951663,0.3513513513513513,0.1694444444444444,0.1948717948717948,0.1611111111111111,0.123076923076923,0.9716253280639648,0.0407941795056744,0.0084245205,-0.0012820512820512,0.05,0.0512820512820512,-0.0142965499804629,-2.8201978836551547,1996,7.3
173,m409,jurassic park iii,1,1,0,2,4.588809942141751,0.2587412587412587,0.1792452830188679,0.2837837837837837,0.1981132075471698,0.2432432432432432,0.8943440318107605,0.0653065726833939,0.04689938,-0.0034421213666496,0.0235849056603773,0.027027027027027,-0.0060190950601909,-16.168807339449543,2001,6.0
174,m411,jurassic park,1,1,1,3,-1.307907811419426,0.2917505030181087,0.2130681818181818,0.1103448275862069,0.1988636363636363,0.0620689655172413,0.9505597352981568,0.0523133238486708,0.019009888,0.0182797805642633,0.0596590909090909,0.0413793103448275,-0.0416336241078509,4.264077158936283,1993,8.2
175,m412,freddy vs. jason,1,1,1,3,8.138952565523454,0.8829787234042553,0.3181818181818182,0.2650602409638554,0.1363636363636363,0.2469879518072289,0.8112579584121704,0.1330273314678643,-0.13956076,-0.036144578313253,0.0,0.036144578313253,-0.2411382113821137,7.682803976354755,2003,5.7
176,m414,king kong,0,0,0,0,3.051306609835762,0.4086021505376344,0.0727272727272727,0.2894736842105263,0.1454545454545454,0.1842105263157894,0.7964029908180237,0.2475394461846504,0.023249865,-0.0406698564593301,0.0909090909090909,0.131578947368421,-0.0116959064327485,-20.841007883297724,1933,7.9
177,m415,klute,1,1,1,3,-5.631491456727318,0.4132029339853301,0.3208333333333333,0.301775147928994,0.1041666666666666,0.1834319526627219,0.913932204246521,0.0851124308447198,0.014217734,0.0274161735700197,0.0333333333333333,0.0059171597633136,-0.0164805954279638,11.25129802699896,1971,7.1
178,m416,kramer vs. kramer,1,0,0,1,-5.138496085443634,0.2388349514563106,0.2015306122448979,0.4878048780487805,0.1913265306122449,0.2357723577235772,0.8973124027252197,0.068823503041478,0.051636755,0.0194541231126596,0.0357142857142857,0.016260162601626,-0.0754874651810585,-12.587258003586845,1979,7.8
179,m418,lake placid,1,1,1,3,0.7857226530646244,0.3688811188811189,0.2132963988919667,0.2227488151658767,0.113573407202216,0.1706161137440758,0.9564251899719238,0.0291939777737821,0.010873556,0.0269656430925155,0.0554016620498614,0.0284360189573459,-0.1531501831501831,-1.536173118753034,1999,5.8
180,m42,casablanca,1,0,0,1,-8.441576051318805,0.1713586291309669,0.2776957163958641,0.1928571428571428,0.2629246676514032,0.2428571428571428,0.9289308786392212,0.0465764899441822,0.045301795,-0.0145494830132939,0.035450516986706,0.05,0.0773508137432188,7.650552772879852,1942,8.5
181,m422,"lock, stock and two smoking barrels",1,0,0,1,63.69122654443285,0.0144927536231884,0.2683823529411764,0.0,0.2205882352941176,0.0,0.3820708394050598,0.3083710693244654,0.59485686,0.0294117647058823,0.0294117647058823,0.0,0.3493975903614458,23.18932655654384,1998,8.1
182,m425,lost in translation,1,1,1,3,-3.2148881573355226,0.5046728971962616,0.1194968553459119,0.1790123456790123,0.0377358490566037,0.0802469135802469,0.9606683850288392,0.0718035630738443,0.0005123615,-0.01211274167249,0.0125786163522012,0.0246913580246913,0.0189990732159407,-4.005468152212455,2003,7.7
183,m428,magnolia,1,1,1,3,-4.6782445192773565,0.3299256505576208,0.1608876560332871,0.0929577464788732,0.1983356449375866,0.0985915492957746,0.9795370101928712,0.0272467053039635,0.0064293146,0.0063331444980562,0.0457697642163661,0.0394366197183098,0.0393394495412843,3.0170153380747458,1999,8.0
184,m43,cast away,1,1,0,2,-1.179555018003768,0.2340425531914893,0.1319444444444444,0.1931818181818181,0.0902777777777777,0.1363636363636363,0.9393742084503174,0.0824224668668372,0.031154573,0.0394570707070707,0.1076388888888889,0.0681818181818181,0.0127708978328173,-6.837227241383339,2000,7.8
185,m432,man on the moon,1,0,0,1,-2.7121942395286283,0.1386430678466076,0.1061643835616438,0.1063829787234042,0.2123287671232876,0.1063829787234042,0.9089698791503906,0.1322239942277822,0.06511825,-0.0151559312153891,0.0273972602739726,0.0425531914893617,0.064207650273224,-4.23252654489977,1999,7.4
186,m435,meet joe black,1,0,0,1,0.0007189835702661,0.2537735849056604,0.1605562579013906,0.1412639405204461,0.1491782553729456,0.1412639405204461,0.9655569791793824,0.0346141035159593,0.016931117,-0.0306280225022206,0.0176991150442477,0.0483271375464684,0.1232251521298175,1.3765341258040458,1998,7.2
187,m438,midnight cowboy,1,0,0,1,4.22289929460878,0.1327433628318584,0.2040816326530612,0.1666666666666666,0.1173469387755102,0.2,0.873682975769043,0.0969476822527815,0.09208357,0.0408163265306122,0.0408163265306122,0.0,0.37772397094431,-1.2942413712724488,1969,7.8
188,m439,midnight express,0,0,0,0,10.471615641721923,0.1422594142259414,0.1121951219512195,0.1470588235294117,0.0634146341463414,0.2647058823529412,0.8666754961013794,0.1131763160905223,0.09634644,-0.0100430416068866,0.048780487804878,0.0588235294117647,-0.0397058823529411,3.4187891880791934,1978,7.5
189,m441,misery,1,0,0,1,-0.7443930551726936,0.5025252525252525,0.2944162436548223,0.4271356783919598,0.1776649746192893,0.3467336683417085,0.93439519405365,0.0417031538277723,-0.00085514784,0.0254317271637374,0.0304568527918781,0.0050251256281407,-0.0829495855523966,4.306496649352468,1990,7.8
190,m442,mission: impossible ii,0,0,0,0,-6.357311698939171,0.2470308788598574,0.2082018927444795,0.3269230769230769,0.1419558359621451,0.173076923076923,0.901989996433258,0.0656993337493281,0.04578215,0.0088570735258432,0.0473186119873817,0.0384615384615384,0.000929022668153,-11.424144357028949,2000,6.1
191,m444,moonstruck,1,1,1,3,0.0673270035433546,0.5398773006134969,0.1566666666666666,0.1193181818181818,0.1766666666666666,0.1079545454545454,0.9819401502609252,0.0463506302192483,-0.0012702942,0.001590909090909,0.03,0.0284090909090909,-0.0341575091575092,2.1854106857285984,1987,7.2
192,m445,monty python and the holy grail,1,1,0,2,2.0741251026469314,0.1495601173020528,0.0551724137931034,0.0980392156862745,0.1586206896551724,0.1764705882352941,0.9113852977752686,0.0934162205557145,0.062442422,0.0504394861392833,0.0896551724137931,0.0392156862745098,0.1083213773314204,-7.564228184654729,1975,8.2
193,m448,mulholland dr.,1,1,1,3,-4.390849100147165,0.5872093023255814,0.176056338028169,0.2425742574257425,0.1267605633802817,0.1386138613861386,0.926283597946167,0.1061965953529753,-0.0125460625,0.0034165388369822,0.028169014084507,0.0247524752475247,-0.0135180240320427,-7.117290096240458,2001,7.9
194,m451,my girl,1,1,1,3,-0.0956299139218828,0.5560747663551402,0.1508771929824561,0.134453781512605,0.0842105263157894,0.1512605042016806,0.9691585302352904,0.0420417144165447,-0.003121078,-0.0201975527052926,0.0526315789473684,0.072829131652661,0.014216575922565,0.6355327417671219,1991,6.9
195,m453,nashville,1,1,1,3,-4.733512915367285,0.3234624145785877,0.1043771043771043,0.056338028169014,0.0942760942760942,0.1056338028169014,0.9403733015060424,0.0708657359676656,0.020198584,-0.0015412339356001,0.0336700336700336,0.0352112676056338,0.0133411156507963,5.811374773678741,1975,7.6
196,m454,natural born killers,1,1,1,3,-11.623825894685597,0.0896358543417367,0.2307692307692307,0.375,0.2123076923076923,0.09375,0.8801414966583252,0.1426463131847927,0.09800398,0.043076923076923,0.043076923076923,0.0,0.2062122519413287,-10.618845145513426,1994,7.2
197,m458,never been kissed,1,1,1,3,-2.2958014013331365,0.6629711751662971,0.2631578947368421,0.2140468227424749,0.2302631578947368,0.2107023411371237,0.9313303232192992,0.029237405419893,-0.021610081,0.0027944023939447,0.0328947368421052,0.0301003344481605,-0.0392207236137871,-2.333241506500354,1999,6.0
198,m461,a nightmare on elm street 3: dream warriors,1,1,1,3,-7.268419507946589,0.6773162939297125,0.1386138613861386,0.1698113207547169,0.1584158415841584,0.1509433962264151,0.9528125524520874,0.0677381899267195,-0.017047524,-0.0273678311227349,0.0198019801980198,0.0471698113207547,-0.1198026779422127,-4.941149580169823,1987,6.7
199,m462,notting hill,1,1,1,3,-4.587640245564373,0.4074650077760497,0.2257217847769028,0.2290076335877862,0.2204724409448819,0.183206106870229,0.9743859767913818,0.0318267663230779,0.00437963,0.0045380777784456,0.0236220472440944,0.0190839694656488,-0.044642857142857,2.56011676701332,1999,7.2
200,m465,on the waterfront,0,0,0,0,-2.504840939478612,0.2320819112627986,0.1333333333333333,0.125,0.12,0.1102941176470588,0.9361750483512878,0.0543730109859433,0.03522557,0.0372549019607843,0.0666666666666666,0.0294117647058823,-0.0094595778225453,-1.7292476339427534,1954,8.1
201,m468,pearl harbor,1,1,0,2,9.129701515937654,0.3321428571428571,0.1497326203208556,0.1720430107526881,0.1764705882352941,0.2043010752688172,0.9288002252578736,0.1116514873504112,0.025778115,-0.0056350986142257,0.0481283422459893,0.053763440860215,0.1944101150299458,-0.9142420999361178,2001,6.3
202,m469,peggy sue got married,1,1,1,3,-1.163192449323731,0.6295264623955432,0.3082706766917293,0.2123893805309734,0.2030075187969924,0.1858407079646017,0.958042860031128,0.0613836293430856,-0.0111576915,-0.0059884223833921,0.0338345864661654,0.0398230088495575,-0.0383080183680678,2.826219285679837,1986,6.4
203,m47,dark star,0,0,0,0,,0.0,0.1731448763250883,0.0,0.2226148409893993,0.0,,,,,0.0459363957597173,,-0.0230769230769231,,1974,6.1
204,m471,philadelphia,1,1,0,2,3.740900228671407,0.1690140845070422,0.2033898305084746,0.1785714285714285,0.1283292978208232,0.1428571428571428,0.9307758808135986,0.079321735644657,0.045359075,-0.0038337368845843,0.0556900726392251,0.0595238095238095,0.1337169939065673,2.200678593649908,1993,7.7
205,m472,pitch black,1,1,1,3,-1.8993688699070643,0.455607476635514,0.2060085836909871,0.1538461538461538,0.1502145922746781,0.1076923076923077,0.9474694132804872,0.0488476373187471,0.0042631626,0.0046219874546054,0.0815450643776824,0.0769230769230769,0.1160714285714286,1.395388411469412,2000,7.0
206,m473,planet of the apes,1,0,0,1,-6.384037141252847,0.0404040404040404,0.2140350877192982,0.0833333333333333,0.2280701754385964,0.4166666666666667,0.6893982887268066,0.197365238920086,0.28371614,0.0666666666666666,0.0666666666666666,0.0,0.3228310502283105,10.014977080528285,1968,8.0
207,m474,platoon,0,0,0,0,,0.0,0.136,0.0,0.072,0.0,,,,,0.072,,-0.2266666666666666,,1986,8.1
208,m477,point break,0,0,0,0,1.3794937375203489,0.1208791208791208,0.1541666666666666,0.2121212121212121,0.1916666666666666,0.2424242424242424,0.8585007190704346,0.164457757507044,0.105266154,-0.0753787878787878,0.0458333333333333,0.1212121212121212,-0.0026132404181185,-0.7501147234282879,1991,7.3
209,m478,predator,0,0,0,0,5.4390792414487095,0.2272727272727272,0.4411764705882353,0.5,0.1764705882352941,0.2,0.6489759683609009,0.2243742003350937,0.18270451,0.0,0.0,0.0,-0.0833333333333332,0.0,1987,7.8
210,m479,pretty woman,1,1,1,3,-7.135762929390893,0.4814814814814814,0.1894409937888198,0.1505016722408027,0.1366459627329192,0.1103678929765886,0.9458408355712892,0.0223503309056374,0.0015134215,0.0121834687052078,0.0590062111801242,0.0468227424749163,-0.0160189075630251,3.846805890777036,1990,7.1
211,m482,psycho,1,1,1,3,-2.7225432151440003,0.4323809523809523,0.3120805369127516,0.224669603524229,0.2013422818791946,0.158590308370044,0.9630693793296814,0.0414906907773567,0.0043405294,0.033764006740975,0.046979865771812,0.013215859030837,0.1476743405597691,3.2297436594510707,1960,8.5
212,m483,maniac,1,1,1,3,9.88531852191538,0.6136363636363636,0.088235294117647,0.1296296296296296,0.1764705882352941,0.2592592592592592,0.8015131950378418,0.2017486998466069,-0.045696974,0.1176470588235294,0.1176470588235294,0.0,-0.1478212906784335,0.2091454406293955,1934,3.7
213,m484,vampyr,1,1,1,3,20.763210101410166,0.6818181818181818,0.0,0.0666666666666666,0.1428571428571428,0.6666666666666666,0.6794971227645874,0.3323194508436281,-0.09669596,0.0,0.0,0.0,0.2914285714285714,-3.215434083601286,1932,7.4
214,m489,star wars: episode vi - return of the jedi,1,0,0,1,-1.4381712065595451,0.1676300578034682,0.1319444444444444,0.0689655172413793,0.1875,0.2068965517241379,0.869417130947113,0.1594403414626385,0.08645046,0.007183908045977,0.0416666666666666,0.0344827586206896,0.1833333333333333,2.704398756873058,1983,8.3
215,m492,who framed roger rabbit,1,0,0,1,-2.5426719452629243,0.1643059490084986,0.1864406779661017,0.1896551724137931,0.1457627118644067,0.1724137931034483,0.8890417814254761,0.1022043702778528,0.07225573,0.0437755698421975,0.0610169491525423,0.0172413793103448,0.1093117408906882,-0.4602125345159393,1988,7.7
216,m494,ronin,1,0,0,1,-1.5620509568275909,0.1382765531062124,0.2441860465116279,0.3768115942028985,0.2069767441860465,0.1594202898550724,0.9448615908622742,0.0756745813164789,0.039248824,0.0128749578699022,0.041860465116279,0.0289855072463768,0.0297275424871864,-4.227421724878489,1998,7.2
217,m496,rush hour 2,1,1,1,3,2.0612725011181965,0.0858283433133732,0.1768558951965065,0.0930232558139534,0.2074235807860262,0.3488372093023256,0.8558648228645325,0.1369046586518179,0.120419204,-0.0042652584543515,0.0655021834061135,0.0697674418604651,0.1348948948948949,8.555706495924609,2001,6.7
218,m497,rush hour,1,0,0,1,-2.6400842004746323,0.1382978723404255,0.1481481481481481,0.1025641025641025,0.279835390946502,0.1538461538461538,0.9055162668228148,0.08173449025096,0.06858802,-0.0018993352326685,0.0493827160493827,0.0512820512820512,0.3738140417457305,2.293784338791946,1998,7.0
219,m498,runaway bride,1,0,0,1,-1.7092904345990547,0.5234042553191489,0.2232142857142857,0.1829268292682926,0.2410714285714285,0.1951219512195122,0.9561147689819336,0.0492261908349923,-0.0022827983,-0.0126669570267131,0.0401785714285714,0.0528455284552845,-0.0038354424195046,1.7383714048999863,1999,5.6
220,m499,sleepless in seattle,1,1,0,2,4.3598700499508425,0.449438202247191,0.227405247813411,0.2821428571428571,0.2565597667638484,0.2535714285714285,0.9600731134414672,0.0444915485257333,0.0037786365,-0.0016763848396501,0.0233236151603498,0.025,0.016062201423418,-3.900360761971285,1993,6.8
221,m50,donnie darko,1,1,1,3,0.7989652410134909,0.3022774327122153,0.3056379821958457,0.1712328767123287,0.2136498516320474,0.2945205479452055,0.9579280614852904,0.0532083975418078,0.016617775,-0.0114222999065078,0.029673590504451,0.0410958904109589,0.0590353557398516,13.464574757118994,2001,8.0
222,m500,salt of the earth,1,1,1,3,-3.010136205155746,0.6197183098591549,0.074074074074074,0.1022727272727272,0.0925925925925925,0.1818181818181818,0.8627004623413086,0.1041139743962239,-0.0351184,-0.0311447811447811,0.037037037037037,0.0681818181818181,-0.0360144057623049,-2.2122471404440853,1954,7.3
223,m502,saving private ryan,0,0,0,0,,0.0,0.209205020920502,0.0,0.1652719665271966,0.0,,,,,0.0439330543933054,,0.3066066066066065,,1998,8.6
224,m503,say anything...,1,1,0,2,-1.5504934683167022,0.441786283891547,0.1657142857142857,0.2527075812274368,0.2028571428571428,0.1696750902527075,0.9718238115310668,0.0489723148578746,0.0035476089,0.0231459515214027,0.0628571428571428,0.03971119133574,-0.0155741851557418,-11.867501304121022,1989,7.3
225,m505,scream 2,1,1,1,3,-1.908220486862916,0.5995203836930456,0.1676646706586826,0.16,0.1197604790419161,0.112,0.9512158632278442,0.0487333177977269,-0.010011733,-0.0060838323353293,0.0419161676646706,0.048,0.0209549071618037,-3.302581123018218,1997,6.3
226,m506,scream 3,1,1,1,3,0.8207091829404618,0.5583756345177665,0.2126436781609195,0.1954545454545454,0.1954022988505747,0.2045454545454545,0.9349520206451416,0.0522471997560778,-0.0068476796,0.0211076280041797,0.057471264367816,0.0363636363636363,-0.0272904483430799,-0.382396621959554,2000,5.7
227,m511,shakespeare in love,1,1,1,3,0.2844155923429667,0.2865612648221344,0.1385041551246537,0.096551724137931,0.2520775623268698,0.2758620689655172,0.9599596261978148,0.0368975012576586,0.016057968,0.0111949565383513,0.038781163434903,0.0275862068965517,0.057954964931709,4.939695528962325,1998,7.1
228,m516,sister act,1,1,1,3,13.251194534877255,0.3832417582417582,0.2026726057906459,0.2007168458781362,0.1291759465478842,0.2186379928315412,0.9297166466712952,0.0277665161426399,0.01485002,0.0126685346169504,0.0556792873051225,0.043010752688172,0.0786954015627,0.589164238100885,1992,6.5
229,m517,sleepy hollow,1,1,1,3,-0.8265730793845023,0.2388059701492537,0.1993464052287581,0.3541666666666667,0.2450980392156862,0.3229166666666667,0.9319628477096558,0.0655626696795719,0.03416705,0.0230800653594771,0.0751633986928104,0.0520833333333333,-0.0002089864158829,-11.181327668079383,1999,7.3
230,m528,sphere,1,0,0,1,-1.1370737115362033,0.2407407407407407,0.2015404364569961,0.2510121457489878,0.134788189987163,0.1376518218623481,0.937725067138672,0.0241508461707143,0.031276524,0.0128369704749679,0.0654685494223363,0.0526315789473684,0.0187636150621487,-2.990325746367173,1998,6.1
231,m529,star wars,1,0,0,1,-4.573018249022368,0.096,0.3274336283185841,0.125,0.3761061946902654,0.2916666666666667,0.8359682559967041,0.0999997716953023,0.1291259,-0.0169616519174041,0.0663716814159292,0.0833333333333333,0.2776148582600195,11.792216886754703,1977,8.6
232,m530,starship troopers,1,1,1,3,0.7914244680715257,0.3016528925619834,0.1863905325443787,0.1301369863013698,0.1301775147928994,0.1780821917808219,0.9364466071128844,0.0536448328140447,0.024009347,0.0091999675772067,0.0502958579881656,0.0410958904109589,0.1036276918629859,3.268178519913027,1997,7.3
233,m531,star trek: the motion picture,1,0,0,1,,0.0,0.2068965517241379,0.0,0.2413793103448276,0.0,,,,,0.057471264367816,,0.2970588235294118,,1979,6.4
234,m533,stepmom,1,1,1,3,0.0480282261454334,0.7889447236180904,0.1011904761904761,0.1703821656050955,0.0952380952380952,0.2085987261146497,0.9601979851722716,0.0364198078017196,-0.022521496,-0.0175917500758265,0.0238095238095238,0.0414012738853503,-0.1004915016221974,-4.513212266954131,1998,6.8
235,m536,dr. strangelove or: how i learned to stop worrying and love the bomb,0,0,0,0,14.355838475972377,0.0690335305719921,0.2923728813559322,0.5428571428571428,0.1461864406779661,0.4571428571428571,0.8152058124542236,0.1504824545501548,0.1604749,-0.0443704600484261,0.0699152542372881,0.1142857142857142,0.339430894308943,-7.18336749181994,1964,8.3
236,m537,suburbia,1,1,1,3,3.871081833438623,0.260233918128655,0.1633728590250329,0.1872659176029962,0.1146245059288537,0.0936329588014981,0.9710485935211182,0.0285455006284119,0.013769209,0.0317537860283341,0.0579710144927536,0.0262172284644194,0.0276544895868897,-10.55788673653823,1983,6.9
237,m539,sunset blvd.,1,1,1,3,-4.297256704886266,0.4366666666666666,0.1893491124260355,0.1946564885496183,0.2041420118343195,0.2251908396946564,0.9575653672218324,0.0556156018021556,0.0054625273,0.0048782691178463,0.0621301775147929,0.0572519083969465,-0.0529851510496671,1.944961277719095,1950,8.4
238,m540,supergirl,1,1,1,3,-3.528907898104052,0.6263498920086393,0.2543352601156069,0.1793103448275862,0.1387283236994219,0.1724137931034483,0.9641915559768676,0.0556109452118033,-0.008377314,-0.0031492924058202,0.0520231213872832,0.0551724137931034,0.0650510204081632,2.4256552558439357,1984,4.4
239,m541,superman iii,1,1,1,3,-1.411917121840759,0.3319057815845824,0.1955128205128205,0.2516129032258064,0.173076923076923,0.1935483870967742,0.948655128479004,0.0365709457045576,0.017328262,-0.0003308519437551,0.0512820512820512,0.0516129032258064,-0.0572478991596638,-5.993465963853421,1983,5.0
240,m542,superman ii,1,1,1,3,-9.211350244523004,0.4806866952789699,0.2066115702479339,0.2232142857142857,0.1157024793388429,0.2678571428571428,0.8946008682250977,0.1074469053625653,0.003014028,0.0317296340023612,0.0495867768595041,0.0178571428571428,-0.0572215422276621,5.219526388598208,1980,6.8
241,m543,superman iv: the quest for peace,1,1,1,3,-1.1427561516931064,0.4713656387665198,0.1916666666666666,0.2336448598130841,0.1666666666666666,0.308411214953271,0.9115625619888306,0.0807346208345175,0.004423082,0.0126168224299065,0.05,0.0373831775700934,-0.1140583554376657,-3.193151155626809,1987,3.7
242,m546,sweet smell of success,1,0,0,1,1.025934614519599,0.2517814726840855,0.2634920634920635,0.3113207547169811,0.1746031746031746,0.0754716981132075,0.8789710402488708,0.0587508557369787,0.05548376,0.0509733453129679,0.0698412698412698,0.0188679245283018,0.0639960604633237,-13.340420898925338,1957,8.0
243,m55,eternal sunshine of the spotless mind,1,1,0,2,-1.1998209320436786,0.4601769911504424,0.2482435597189695,0.260989010989011,0.1030444964871194,0.1813186813186813,0.9502838253974916,0.0451246771904678,0.004586816,-0.0158529994595568,0.0281030444964871,0.0439560439560439,-0.0129351155666944,10.260591478163253,2004,8.3
244,m56,even cowgirls get the blues,1,1,1,3,-0.6751334807947131,0.5629139072847682,0.8181818181818182,0.3647058823529411,0.5606060606060606,0.2705882352941176,0.894149661064148,0.1295906068076331,-0.013844371,0.0185383244206773,0.0303030303030303,0.0117647058823529,-0.0395569620253164,3.7251033570804566,1993,4.3
245,m57,event horizon,1,1,1,3,2.586373721353411,0.2287694974003466,0.1393258426966292,0.0757575757575757,0.1910112359550561,0.1515151515151515,0.9442628622055054,0.0614859696406701,0.030960321,0.0281239359891045,0.0584269662921348,0.0303030303030303,-0.0389610389610388,5.03180284302762,1997,6.6
246,m570,three kings,1,1,0,2,5.420740409586472,0.2386206896551724,0.2246376811594203,0.3526011560693641,0.1431159420289855,0.1098265895953757,0.9586445689201356,0.0364082843592233,0.021881878,0.0475307866298064,0.0706521739130434,0.0231213872832369,-0.0841882153454853,-7.1610692817844495,1999,7.1
247,m571,thx 1138,0,0,0,0,1.5801723238079433,0.2294117647058823,0.099236641221374,0.1538461538461538,0.1984732824427481,0.0,0.8834471702575684,0.2041495323167225,0.06388986,0.0174202387942846,0.0687022900763358,0.0512820512820512,0.2050420168067226,-8.368490669974038,1971,6.6
248,m576,tombstone,1,1,1,3,2.6214620742857875,0.2046413502109704,0.2095490716180371,0.1958762886597938,0.1167108753315649,0.2268041237113402,0.9563541412353516,0.0604242313810727,0.025402665,0.0513002816593289,0.0822281167108753,0.0309278350515463,0.002020202020202,0.4783293351450588,1993,7.8
249,m577,tomorrow never dies,1,0,0,1,-3.351962902244736,0.03125,0.1524926686217008,0.1818181818181818,0.1642228739002932,0.0,0.6841038465499878,0.1954793401880037,0.29397506,-0.032258064516129,0.0586510263929618,0.0909090909090909,0.4034090909090909,-14.794530452150497,1997,6.5
250,m579,toy story,1,0,0,1,-12.367601110406298,0.0863509749303621,0.0975609756097561,0.0967741935483871,0.1463414634146341,0.032258064516129,0.883864164352417,0.1265484538045745,0.09611231,0.0056058221872541,0.0701219512195122,0.064516129032258,0.035070785070785,-2.2411969000826204,1995,8.3
251,m58,fantastic four,1,0,0,1,-0.0235896635353185,0.2792792792792792,0.203125,0.1935483870967742,0.15625,0.1209677419354838,0.9616551995277404,0.0433101711206552,0.01590687,-0.0046370967741935,0.04375,0.0483870967741935,0.040032679738562,-1.3879205998212143,2005,5.7
252,m581,traffic,1,1,1,3,-3.435768305176367,0.3844339622641509,0.2720306513409962,0.2331288343558282,0.2337164750957854,0.294478527607362,0.9546236991882324,0.0538424698559417,0.011412263,0.0260442375949039,0.0383141762452107,0.0122699386503067,-0.0110485384821668,3.111679454390451,2000,7.5
253,m582,trainspotting,1,1,0,2,-2.3485451451988557,0.1869436201780415,0.1970802919708029,0.1587301587301587,0.156934306569343,0.1587301587301587,0.9227893352508544,0.0514318637565968,0.04845333,0.0302977638744062,0.0620437956204379,0.0317460317460317,0.1153504880212954,0.4782592822459932,1996,8.1
254,m583,star trek v: the final frontier,1,0,0,1,21.924738156283183,0.0460992907801418,0.20817843866171,0.1538461538461538,0.2527881040892193,0.4615384615384615,0.6880638599395752,0.2552200500411852,0.2784025,0.0557620817843866,0.0557620817843866,0.0,0.0774946921443736,11.524927585768683,1989,5.5
255,m584,tron,0,0,0,0,-13.13415623653087,0.0913043478260869,0.1722488038277512,0.0952380952380952,0.124401913875598,0.1428571428571428,0.782912015914917,0.1845763515666877,0.17191994,0.0478468899521531,0.0478468899521531,0.0,-0.0806451612903226,6.061884457569322,1982,6.7
256,m585,true lies,1,1,1,3,-2.9288579164624053,0.3847780126849894,0.1993127147766323,0.1648351648351648,0.1786941580756013,0.1813186813186813,0.9491954445838928,0.060545105619156,0.009885013,0.0275291718590687,0.0824742268041237,0.0549450549450549,-0.0390472471690745,0.893667134348707,1994,7.3
257,m586,true romance,1,0,0,1,-2.834757032177393,0.2229102167182662,0.2768924302788844,0.1944444444444444,0.1752988047808765,0.1319444444444444,0.9569356441497804,0.0381421132419304,0.023366153,0.0379592740150509,0.0657370517928286,0.0277777777777777,0.06880168503692,3.0142062176887485,1993,7.9
258,m587,twelve monkeys,1,0,0,1,-0.8950350337500339,0.3583061889250814,0.3401015228426396,0.2818181818181818,0.2284263959390862,0.1818181818181818,0.904460072517395,0.1114909598301774,0.024187922,-0.0018920166128287,0.0253807106598984,0.0272727272727272,-0.0066833751044277,-1.2305481145078367,1995,8.0
259,m59,fast times at ridgemont high,1,1,0,2,-0.2289291217456366,0.568695652173913,0.1532258064516129,0.2048929663608562,0.1532258064516129,0.128440366972477,0.9514907598495485,0.0399440417265128,-0.0057184696,0.0096058991812173,0.0524193548387096,0.0428134556574923,-0.1118012422360248,-3.8313754114390406,1982,7.1
260,m590,unbreakable,0,0,0,0,-0.4919193114796343,0.2641509433962264,0.2615384615384615,0.2428571428571428,0.1743589743589743,0.2142857142857142,0.9369310736656188,0.0555482542501241,0.029368222,-0.0274725274725274,0.0153846153846153,0.0428571428571428,-0.093287621797185,6.477834313715249,2000,7.3
261,m591,unforgiven,1,1,1,3,1.252833851907809,0.1301247771836007,0.2254098360655737,0.1232876712328767,0.0840163934426229,0.0958904109589041,0.9204696416854858,0.0450139719029715,0.05928743,0.0327868852459016,0.0327868852459016,0.0,0.1452224155069582,9.302766199317924,1992,8.2
262,m594,vertigo,1,0,0,1,-2.7183886062377667,0.4985074626865671,0.125,0.1796407185628742,0.0892857142857142,0.2365269461077844,0.967037796974182,0.0564041975694504,3.9339066e-06,-0.0061484174508126,0.0267857142857142,0.0329341317365269,0.0110041682455476,-1.348959579048076,1958,8.2
263,m6,8mm,1,0,0,1,-5.157192523791437,0.0667870036101083,0.2804642166344294,0.1891891891891892,0.1837524177949709,0.054054054054054,0.887448787689209,0.118805674550906,0.09516561,0.0136442051335668,0.0676982591876208,0.054054054054054,0.4094081357239252,-3.709481877497783,1999,6.6
264,m60,fear and loathing in las vegas,1,0,0,1,1.2976747415923455,0.1162790697674418,0.2368421052631578,0.3,0.2302631578947368,0.175,0.8619898557662964,0.1728119094034449,0.1044395,0.0059210526315789,0.0559210526315789,0.05,0.1876449866827046,-6.783370149060211,1998,7.5
265,m601,what lies beneath,1,1,1,3,3.5423892361541647,0.7025796661608498,0.1479591836734693,0.1555075593952483,0.0918367346938775,0.1360691144708423,0.9724066257476808,0.0308090639819793,-0.011259794,0.007636531934588,0.0357142857142857,0.0280777537796976,-0.040149183769132,-0.3671481545986275,2000,6.6
266,m606,wild things,1,1,1,3,-2.6291246655166987,0.481335952848723,0.3333333333333333,0.2489795918367346,0.1742424242424242,0.1020408163265306,0.9544357657432556,0.0314707698688188,0.0022128224,-0.007312925170068,0.0416666666666666,0.0489795918367346,0.0842490842490841,2.4463609100990595,1998,6.6
267,m607,wild wild west,1,1,0,2,6.435768364060181,0.07,0.1792114695340501,0.238095238095238,0.2007168458781362,0.1428571428571428,0.8145454525947571,0.1187059082627438,0.15694797,0.043010752688172,0.043010752688172,0.0,-0.0606060606060606,-4.165028325105219,1999,4.9
268,m608,willow,1,1,1,3,0.8055378353674172,0.167381974248927,0.0773195876288659,0.0256410256410256,0.1237113402061855,0.1282051282051282,0.8209134340286255,0.1330371034471018,0.11718649,-0.0818133756278086,0.0463917525773195,0.1282051282051282,0.1395655036208031,5.668898350242425,1988,7.2
269,m609,witness,1,1,1,3,-0.8638650871702822,0.3536231884057971,0.116591928251121,0.2622950819672131,0.1300448430493273,0.2786885245901639,0.9318362474441528,0.0500204345971817,0.020351708,0.0762331838565022,0.0762331838565022,0.0,-0.150506631518247,-12.43817246062331,1985,7.4
270,m612,watchmen,1,1,1,3,-6.265038738405877,0.3432835820895522,0.2318181818181818,0.1565217391304348,0.15,0.1217391304347826,0.9213254451751708,0.0813279705999095,0.021920025,0.000395256916996,0.009090909090909,0.008695652173913,-0.0500102061645233,4.328557974831185,2009,7.6
271,m615,young frankenstein,1,1,0,2,-34.67687423498613,0.2377358490566037,0.141089108910891,0.1587301587301587,0.1534653465346534,0.1666666666666666,0.925828754901886,0.0654712422284207,0.036196053,-0.001100110011001,0.0544554455445544,0.0555555555555555,0.0586206896551724,-4.462847907431591,1974,8.0
272,m62,frances,1,1,1,3,-1.172940329527222,0.656203288490284,0.208695652173913,0.1753986332574031,0.1608695652173913,0.1617312072892938,0.9579980373382568,0.0435550893463425,-0.01292485,0.029394869763296,0.0521739130434782,0.0227790432801822,-0.1016891049613563,3.541790438913188,1982,7.2
273,m65,from dusk till dawn,1,0,0,1,2.2961430163878305,0.1105990783410138,0.2253886010362694,0.1666666666666666,0.1735751295336787,0.0416666666666666,0.9175977110862732,0.0935187217505097,0.06332809,-0.028821243523316,0.0336787564766839,0.0625,0.1924834193072955,-2.269622554239674,1996,7.2
274,m67,godzilla,1,1,1,3,-3.3074689850976284,0.4026845637583892,0.1853932584269663,0.1583333333333333,0.2078651685393258,0.175,0.8999046087265015,0.0948026509658507,0.017844558,-0.049625468164794,0.0337078651685393,0.0833333333333333,-0.1158873805932629,1.799237736969758,1998,5.5
275,m68,galaxy quest,1,0,0,1,4.725659552087762,0.1794392523364485,0.1617312072892938,0.1666666666666666,0.1776765375854214,0.1770833333333333,0.939996063709259,0.0877922206112906,0.039420664,-0.0032744874715261,0.0592255125284738,0.0625,-0.026973026973027,-2.968887053221625,1999,7.4
276,m7,a nightmare on elm street 4: the dream master,1,1,1,3,-5.363368761422336,0.6026490066225165,0.1166666666666666,0.1428571428571428,0.0666666666666666,0.0879120879120879,0.923184871673584,0.1198515985676583,-0.015647471,0.006043956043956,0.05,0.0439560439560439,-0.0923961096374889,-0.487954127036879,1988,5.6
277,m72,ghost world,1,1,1,3,-0.1465146015790424,0.7213622291021672,0.3,0.223175965665236,0.1777777777777777,0.1988555078683834,0.9476324319839478,0.0471759759878904,-0.0227049,-0.0147194404705134,0.0296296296296296,0.044349070100143,-0.0983333333333333,4.700306781978849,2001,7.3
278,m74,ghostbusters ii,1,1,0,2,1.074278524813124,0.2258064516129032,0.3035714285714285,0.336734693877551,0.175595238095238,0.2448979591836734,0.9113771915435792,0.0874705530829715,0.046273947,0.0357142857142857,0.0357142857142857,0.0,0.0952380952380952,-8.173162011964177,1989,6.6
279,m75,ghostbusters,1,1,0,2,-4.567309888807344,0.2134292565947242,0.298780487804878,0.1910112359550561,0.1920731707317073,0.2359550561797752,0.9027179479599,0.0750698281735891,0.051335096,-0.01541518224171,0.0182926829268292,0.0337078651685393,0.0082210708117443,4.498850096511283,1984,7.8
280,m78,grand hotel,1,1,1,3,0.8594163380852535,0.3078880407124681,0.1893382352941176,0.1322314049586777,0.2352941176470588,0.2272727272727272,0.963336944580078,0.0223571689902134,0.013694048,0.0023243801652892,0.03125,0.0289256198347107,0.0355957767722473,2.2800499295270638,1932,7.3
281,m80,halloween h20: 20 years later,1,1,1,3,-3.836680722232827,0.475095785440613,0.1094890510948905,0.1290322580645161,0.1021897810218978,0.1129032258064516,0.9345866441726683,0.0691496263767088,0.0004838705,-0.0280197786672945,0.0364963503649635,0.064516129032258,0.0495356037151701,-5.476049717821379,1998,5.8
282,m84,harold and maude,1,1,1,3,5.222373151585856,0.4585858585858586,0.1716417910447761,0.2687224669603524,0.1865671641791045,0.2731277533039647,0.9171788096427916,0.036644391786891,0.0071058273,0.0166348872378197,0.0298507462686567,0.013215859030837,-0.0166575939031028,4.852784679581209,1971,7.9
283,m85,hellbound: hellraiser ii,1,0,0,1,-3.8930326490690135,0.7052631578947368,0.1428571428571428,0.0895522388059701,0.0714285714285714,0.1044776119402985,0.8763551115989685,0.1738128552347629,-0.048772156,-0.0090618336886993,0.0357142857142857,0.044776119402985,-0.1973684210526315,3.605015673981193,1988,6.4
284,m86,hellboy,1,0,0,1,-1.6075998040284958,0.2541666666666666,0.1005586592178771,0.081967213114754,0.1117318435754189,0.1311475409836065,0.920092225074768,0.1071117902986346,0.04056692,-0.0160271087095887,0.0167597765363128,0.0327868852459016,0.0458958517210943,2.8388278388278394,2004,6.9
285,m87,hellraiser,1,1,1,3,-4.044530169591695,0.5438972162740899,0.056338028169014,0.0472440944881889,0.0657276995305164,0.0314960629921259,0.966846227645874,0.0468877513192002,-0.0036132932,-0.011348933495989,0.0516431924882629,0.0629921259842519,-0.0889192886456908,-1.7375797343332025,1987,6.9
286,m89,highlander,1,1,0,2,3.4903392018559174,0.3416506717850288,0.1661807580174927,0.1853932584269663,0.2769679300291545,0.1516853932584269,0.9579896926879884,0.0405150757852787,0.013086259,-0.0009991155370655,0.0495626822157434,0.0505617977528089,0.0016896648831314,-7.677875232527846,1986,7.0
287,m90,his girl friday,1,1,1,3,0.2700949158071353,0.3589251439539347,0.1901197604790419,0.1657754010695187,0.1691616766467066,0.1363636363636363,0.9693453311920166,0.0145317596929142,0.007896006,-0.004186813538698,0.0733532934131736,0.0775401069518716,-0.0165940259445869,0.3643698536620992,1940,7.8
288,m91,hope and glory,1,1,1,3,-0.9434190178388348,0.4158415841584158,0.0847457627118644,0.2301587301587301,0.1525423728813559,0.1746031746031746,0.9261711835861206,0.0609530488948611,0.012589991,0.041700295937584,0.0734463276836158,0.0317460317460317,0.0164539007092198,-14.097280924204002,1987,7.3
289,m92,house of 1000 corpses,1,1,1,3,1.2798916321467289,0.5301455301455301,0.2168141592920354,0.1843137254901961,0.1858407079646017,0.1294117647058823,0.9609943628311156,0.0406053127935309,-0.0026497245,-0.057209786569495,0.0486725663716814,0.1058823529411764,-0.0012351778656126,1.152549246269956,2003,6.0
290,m93,human nature,1,1,1,3,-4.561591581103059,0.5290909090909091,0.2895752895752895,0.1786941580756013,0.2702702702702703,0.2199312714776632,0.9496861100196838,0.0339373509599973,-0.0030864477,-0.0352532208202311,0.0231660231660231,0.0584192439862542,-0.1086765293882446,8.538706290623775,2001,6.4
291,m98,indiana jones and the last crusade,0,0,0,0,-2.1820196315487266,0.0936708860759493,0.1201117318435754,0.1081081081081081,0.2039106145251396,0.1351351351351351,0.8959411382675171,0.0953453964674435,0.08462834,-0.028008455382757,0.053072625698324,0.081081081081081,-0.1157852564102565,-0.3569797129188679,1989,8.2
292,m99,indiana jones and the temple of doom,0,0,0,0,-6.475121784892494,0.3949044585987261,0.1894736842105263,0.1048387096774193,0.1052631578947368,0.1451612903225806,0.9017570614814758,0.1105977843803935,0.020015001,-0.0038200339558573,0.0526315789473684,0.0564516129032258,0.1098490294751977,6.344930409074351,1984,7.5
