movie_id,title,bechdel_score_easy,bechdel_score_medium,bechdel_score_hard,bechdel_score,flesch_diff_m_f,prop_fem,hedges_per_line_m,hedges_per_line_f,boosters_per_line_m,boosters_per_line_f,cossim,jsd_m_f,diff_plot,diff_imperatives_normed,male_imp_rate,female_imp_rate,ratio_diff,hedge_diff
m0,10 things i hate about you,1,1,1,3,2.7371000528813596,0.4580838323353293,0.1243093922651933,0.1797385620915032,0.0966850828729281,0.1862745098039215,0.9634924530982972,0.0230714539308942,0.0025836825,0.0396490087747806,0.06906077348066299,0.029411764705882353,0.04928123340740598,-5.3588303588303585
m102,intolerable cruelty,1,1,1,3,-3.129383376207869,0.4534534534534534,0.1868131868131868,0.2086092715231788,0.1923076923076923,0.2549668874172185,0.9541786909103394,0.0264385810210528,0.004429877,0.0026744778400407,0.019230769230769232,0.016556291390728478,-0.015993788819875787,-0.8151820697082819
m103,it happened one night,1,1,1,3,3.756651572747174,0.5133418043202033,0.2193211488250653,0.2376237623762376,0.1592689295039164,0.1806930693069307,0.9610930681228638,0.0416574716643176,-0.00068587065,0.0330959336142491,0.06527415143603134,0.03217821782178218,-0.08189632716853346,-4.45064227378726
m104,jfk,1,1,1,3,2.249669455514308,0.1613876319758672,0.3543165467625899,0.4579439252336448,0.276978417266187,0.4018691588785046,0.9257459044456482,0.0441509668268659,0.049718857,-0.0104047603039064,0.02697841726618705,0.037383177570093455,0.06598793363499245,0.17575862714967627
m105,jackie brown,1,1,1,3,1.6803457732298313,0.3609958506224066,0.1766233766233766,0.2022988505747126,0.1077922077922077,0.1057471264367816,0.9685885906219482,0.0200875660599676,0.008964062,-0.0041200179131213,0.04415584415584416,0.04827586206896552,0.03272435310523569,-2.853682150750238
m107,jason x,1,1,1,3,9.213542615421147,0.6726190476190477,0.0909090909090909,0.0707964601769911,0.1272727272727272,0.0619469026548672,0.8974564075469971,0.1467683484454054,-0.034181714,-0.0059533386967015,0.10909090909090909,0.11504424778761062,-0.054597701149425304,-0.5081669691470054
m108,jaws,1,1,1,3,-2.7257502948194627,0.1051282051282051,0.1719197707736389,0.1707317073170731,0.157593123209169,0.1219512195121951,0.8721821308135986,0.1112368280136076,0.10164642,0.0529736529456985,0.07736389684813753,0.024390243902439025,0.08148148148148149,-2.1098927037010053
m11,air force one,1,0,0,1,-5.057506484787268,0.3107569721115538,0.1098265895953757,0.1025641025641025,0.1618497109826589,0.0897435897435897,0.8662695288658142,0.0860086630778164,0.05081916,0.0007410701052319,0.05202312138728324,0.05128205128205128,0.09928229665071775,-0.37235175009852384
m113,krull,1,0,0,1,-1.4843912386877065,0.1750599520383693,0.1104651162790697,0.1780821917808219,0.3023255813953488,0.2328767123287671,0.9301984310150146,0.0846459225940017,0.044407845,0.0377906976744186,0.0377906976744186,0.0,0.13915992384578768,-8.795727751156488
m116,leaving las vegas,1,1,0,2,3.5248976644168977,0.4862745098039215,0.2442748091603053,0.2258064516129032,0.183206106870229,0.1935483870967742,0.9419301152229308,0.0896543748709189,0.00086426735,-0.0165599606008372,0.007633587786259542,0.024193548387096774,-0.01817312290769968,7.161668834063789
m117,legally blonde,1,1,1,3,-0.8933049956061438,0.6852589641434262,0.2468354430379747,0.2093023255813953,0.1455696202531645,0.1686046511627907,0.9423736333847046,0.0602526301929545,-0.020294905,-0.0153812187224021,0.02531645569620253,0.040697674418604654,-0.10273526538586775,8.576606473244023
m118,legend,1,1,1,3,-6.87976980210486,0.2076271186440678,0.1229946524064171,0.1564625850340136,0.2121212121212121,0.1700680272108843,0.9332513213157654,0.0690624681943345,0.037569404,0.0233547964640401,0.06417112299465241,0.04081632653061224,-0.011325835577379983,-5.772913477568373
m119,life as a house,1,1,1,3,-0.5795185736657231,0.3129675810473815,0.190562613430127,0.2031872509960159,0.1143375680580762,0.1075697211155378,0.9680875539779664,0.0354195657647624,0.011543691,-0.0024800977577891,0.025408348457350273,0.027888446215139442,-0.04310284310284307,-3.278412178952479
m121,little nicky,1,0,0,1,-0.0105307562985785,0.189873417721519,0.14375,0.1866666666666666,0.175,0.0933333333333333,0.950598955154419,0.0844812358878145,0.030359626,-0.0158333333333333,0.0375,0.05333333333333334,0.07381575123510598,-5.9204621767745405
m123,lost highway,1,0,0,1,-5.769034602625268,0.3150684931506849,0.1,0.1376811594202898,0.0866666666666666,0.108695652173913,0.9536187052726746,0.0816750260261082,0.01716888,0.0327536231884058,0.04,0.007246376811594203,-0.16378775799450784,-1.9918559583967053
m124,lost horizon,1,1,0,2,-8.456711637640154,0.1054263565891472,0.3102253032928942,0.3235294117647059,0.3015597920277296,0.4852941176470588,0.9209518432617188,0.092246893088562,0.061418295,0.0338209807319808,0.04852686308492201,0.014705882352941176,0.09929997407311386,8.075163981359811
m126,minority report,1,0,0,1,-2.0812427577638317,0.1606606606606606,0.1735241502683363,0.308411214953271,0.146690518783542,0.1401869158878504,0.9433161020278932,0.0507612899260122,0.038241386,-0.0006185946198986,0.055456171735241505,0.056074766355140186,0.021719659650694112,-10.166667396192167
m13,airplane!,1,1,1,3,-2.207684059804464,0.5631578947368421,0.3132530120481928,0.1121495327102803,0.253012048192771,0.2429906542056074,0.8992806673049927,0.0869113908084425,-0.014493108,0.0629433622339826,0.07228915662650602,0.009345794392523364,-0.0490054249547921,16.441164624269863
m130,marty,1,1,1,3,3.2821862663001156,0.4553376906318083,0.328,0.1531100478468899,0.184,0.1913875598086124,0.9383522868156432,0.0619382236536976,0.005845964,0.0104306220095693,0.02,0.009569377990430622,0.12902793296089388,8.85768887371845
m132,meet john doe,1,1,1,3,5.319855392587812,0.3966346153846153,0.1832669322709163,0.206060606060606,0.1195219123505976,0.1272727272727272,0.9564528465270996,0.0489870751002471,0.008860469,0.0233973198116624,0.05976095617529881,0.03636363636363636,-0.02217186528036974,-2.632763866711173
m134,metropolis,1,0,0,1,-6.011830243434005,0.2694300518134715,0.0921985815602836,0.1153846153846153,0.0780141843971631,0.0576923076923076,0.8836145401000977,0.1064695238679169,0.051965952,-0.0151391162029459,0.0425531914893617,0.057692307692307696,-0.12351190476190477,-8.901266928789866
m137,monkeybone,1,1,1,3,-4.081731242660851,0.309623430962343,0.1636363636363636,0.2297297297297297,0.2,0.2027027027027027,0.8990410566329956,0.0600330322601055,0.04151523,0.0275184275184275,0.05454545454545454,0.02702702702702703,0.13150392017106205,-9.567005293431045
m139,mr. smith goes to washington,1,1,0,2,-3.954675180703262,0.3139013452914798,0.238562091503268,0.2107142857142857,0.1862745098039215,0.1821428571428571,0.9585818648338318,0.0384472440797505,0.016181111,-0.0384453781512605,0.029411764705882353,0.06785714285714285,-0.13680860403863038,0.09126541938411137
m14,alien nation,1,0,0,1,-7.784822587159567,0.0634328358208955,0.247011952191235,0.4117647058823529,0.2430278884462151,0.2352941176470588,0.7650354504585266,0.192555592838018,0.20397699,0.0168736817436137,0.07569721115537849,0.058823529411764705,-0.10939691444600275,-9.18337971403896
m140,mr. deeds goes to town,1,1,1,3,-0.458748712070431,0.2544459644322845,0.1981651376146789,0.2258064516129032,0.1651376146788991,0.1451612903225806,0.9363513588905334,0.0500214227855594,0.031086683,0.0353753576008681,0.05688073394495413,0.021505376344086023,0.03475993526344179,-7.60262986322034
m143,mystery men,1,0,0,1,6.578939422374063,0.2326283987915408,0.1062992125984252,0.1298701298701298,0.1535433070866141,0.1428571428571428,0.918893575668335,0.0760872640813909,0.04150039,0.0460681051232232,0.05905511811023622,0.012987012987012988,-0.04593301435406694,-6.73019992189567
m145,next friday,1,1,0,2,5.945246269671728,0.0717821782178217,0.1013333333333333,0.0689655172413793,0.1146666666666666,0.0689655172413793,0.8940577507019043,0.1333160518725969,0.08930451,0.0613333333333333,0.06133333333333333,0.0,0.2938071780436313,3.598740440845704
m146,nick of time,1,1,1,3,-0.5216202953016875,0.3175487465181058,0.1469387755102041,0.1228070175438596,0.1877551020408163,0.1140350877192982,0.9533969163894652,0.056632318395793,0.017505944,0.0459362692445399,0.08979591836734693,0.043859649122807015,0.26671314046706174,-0.4598775299412239
m148,a nightmare on elm street,1,1,1,3,-2.7804045904284607,0.6779661016949152,0.1578947368421052,0.175,0.0526315789473684,0.05625,0.9163798093795776,0.0905103203193992,-0.030335903,0.0088815789473684,0.05263157894736842,0.04375,-0.11627906976744184,-4.515355994198146
m149,ninotchka,1,1,1,3,-0.8597795127113272,0.4620829120323559,0.2368421052631578,0.2385120350109409,0.2368421052631578,0.3763676148796498,0.9728018045425416,0.0317101333613635,0.0024280548,-0.0065069676379131,0.02631578947368421,0.03282275711159737,-0.060588349892850224,1.6861596710526072
m15,aliens,1,1,1,3,-14.296726209029757,0.4909638554216867,0.1952662721893491,0.1656441717791411,0.1597633136094674,0.1165644171779141,0.9298500418663024,0.0425018990424729,0.00046145916,0.0517297709369441,0.09467455621301775,0.04294478527607362,0.004848764719464382,0.19299070100694138
m151,no country for old men,1,1,1,3,6.584194432891763,0.2229965156794425,0.1995515695067264,0.078125,0.1143497757847533,0.09375,0.9505506753921508,0.0590841453166235,0.027182281,0.0146090246636771,0.02242152466367713,0.0078125,0.045984154109057096,13.63172899377067
m153,"o brother, where art thou?",0,0,0,0,-5.716869781682533,0.1153846153846153,0.1565217391304348,0.1666666666666666,0.1782608695652174,0.1,0.8250423669815063,0.1618755020765858,0.13289183,0.0347826086956521,0.034782608695652174,0.0,0.07407407407407407,-2.0370083491908613
m154,an officer and a gentleman,1,1,1,3,1.7988130715599908,0.310838445807771,0.1988130563798219,0.2763157894736842,0.1572700296735905,0.1381578947368421,0.945665180683136,0.0528315766998576,0.021215439,0.0073598313290645,0.05341246290801187,0.046052631578947366,0.10923779416930102,-7.057263032968567
m155,panic room,1,1,1,3,-10.423624774423471,0.4597014925373134,0.1988950276243093,0.0584415584415584,0.1602209944751381,0.1038961038961039,0.9260826706886292,0.0932641462649243,0.0058341622,-0.0405036951998278,0.08287292817679558,0.12337662337662338,-0.07030205827318892,9.36467348544453
m16,amadeus,1,1,1,3,-6.345265780622114,0.1979638009049773,0.2256699576868829,0.12,0.306064880112835,0.2114285714285714,0.9358158111572266,0.0343659394683466,0.03807074,-0.0161676405399959,0.03526093088857546,0.05142857142857143,0.08492647058823533,7.44764076463008
m163,punch-drunk love,1,0,0,1,0.3601716169292501,0.4005376344086021,0.1255605381165919,0.1677852348993288,0.1726457399103139,0.1275167785234899,0.9675882458686828,0.0550790195023141,0.0065311193,0.0067415054022331,0.013452914798206279,0.006711409395973154,0.09538043478260871,-5.1962587089155505
m166,raging bull,1,0,0,1,-0.9343880075517176,0.218978102189781,0.2118380062305296,0.0666666666666666,0.1090342679127725,0.1111111111111111,0.9035888314247132,0.0611987368735417,0.052405894,0.0543094496365524,0.06542056074766354,0.011111111111111112,0.10843010104056705,10.065862330244217
m167,rear window,1,1,1,3,0.7578645341771164,0.3662477558348294,0.2407932011331444,0.284313725490196,0.1473087818696883,0.2205882352941176,0.9582937955856324,0.0345391403803881,0.011698544,0.0053463311670277,0.039660056657223795,0.03431372549019608,0.0019100793417573536,-3.7371842254083205
m168,rebel without a cause,1,0,0,1,0.1574103901852055,0.2317073170731707,0.1428571428571428,0.1353383458646616,0.1043083900226757,0.1203007518796992,0.964457392692566,0.0532805463798786,0.01940316,0.031984723714047,0.07709750566893424,0.045112781954887216,-0.05125000000000002,-1.195900233616463
m17,an american werewolf in london,1,1,0,2,0.6216971570581222,0.3007246376811594,0.1865284974093264,0.180722891566265,0.1761658031088082,0.108433734939759,0.9449870586395264,0.0604935628352096,0.020959198,0.0605530932018228,0.09067357512953368,0.030120481927710843,-0.026242820360467434,-3.0566473048904115
m170,reservoir dogs,0,0,0,0,7.120057666905964,0.0129870129870129,0.3070175438596491,0.1666666666666666,0.1951754385964912,0.0,0.6860978603363037,0.2057043238698369,0.30454898,0.0460526315789473,0.046052631578947366,0.0,0.1777777777777778,-3.3398933733183362
m172,scary movie 2,1,1,1,3,-0.3056814717214706,0.3693693693693693,0.2321428571428571,0.1768292682926829,0.1714285714285714,0.1036585365853658,0.9663404822349548,0.0354175254045587,0.00780952,-0.0048780487804878,0.05,0.054878048780487805,0.0388755980861244,-2.306948961112301
m173,serial mom,1,1,1,3,-1.5695180169442011,0.6358024691358025,0.1440677966101695,0.0825242718446602,0.1440677966101695,0.1116504854368932,0.92527174949646,0.0749171167134855,-0.019519448,0.0217212440348856,0.05084745762711865,0.02912621359223301,-0.08696741854636592,6.922126757176276
m175,"sex, lies, and videotape",1,1,0,2,-9.70537312727042,0.546189376443418,0.2951653944020356,0.3784355179704017,0.1679389312977099,0.1395348837209302,0.9773449301719666,0.0185023058790986,-0.0021668673,0.0115068670012749,0.030534351145038167,0.019027484143763214,-0.05195631063789563,-7.650389310361554
m178,sideways,1,1,1,3,-2.2984296104419286,0.2037037037037037,0.2217054263565891,0.2484848484848484,0.1627906976744186,0.1272727272727272,0.9546576738357544,0.0527091107786437,0.026284873,0.031430584918957,0.04961240310077519,0.01818181818181818,0.173604779499976,-3.639342605150322
m179,signs,1,0,0,1,5.399885182874598,0.1174242424242424,0.1931330472103004,0.2258064516129032,0.1373390557939914,0.1612903225806451,0.8444061875343323,0.158189354167597,0.11830348,-0.0710231205870137,0.02575107296137339,0.0967741935483871,0.25148809523809523,5.323684155800944
m187,solaris,1,0,0,1,-2.596486324645454,0.3081570996978852,0.1877729257641921,0.2941176470588235,0.1615720524017467,0.1666666666666666,0.9319650530815125,0.0770540389394082,0.024741173,0.0262008733624454,0.026200873362445413,0.0,0.05452035886818496,-6.56534964285018
m19,american outlaws,1,0,0,1,1.7677718708899732,0.1269113149847094,0.1733800350262697,0.108433734939759,0.1190893169877408,0.108433734939759,0.92191481590271,0.0898444154222092,0.057870507,-0.0285063194986601,0.043782837127845885,0.07228915662650602,0.1417514124293785,5.908075379214104
m190,stalag 17,0,0,0,0,22.948833032714205,0.0402843601895734,0.1358024691358024,0.2941176470588235,0.1432098765432098,0.2941176470588235,0.7332766652107239,0.1325429819447724,0.24580657,0.0769789397240377,0.13580246913580246,0.058823529411764705,-0.009756097560975618,-8.09260126610966
m192,star trek iii: the search for spock,1,0,0,1,20.369738231535457,0.2029850746268656,0.1610486891385767,0.1911764705882352,0.2097378277153558,0.4411764705882353,0.9150668382644652,0.0832636788425662,0.052365005,0.0377285745758977,0.052434456928838954,0.014705882352941176,0.24705089315807216,-4.488472582769777
m193,star trek: the wrath of khan,1,1,1,3,-0.0821805847364629,0.1897233201581027,0.1804878048780487,0.1145833333333333,0.2195121951219512,0.1979166666666666,0.9251760244369508,0.0755090570158377,0.04504019,0.0241869918699187,0.06585365853658537,0.041666666666666664,0.17044911610129,4.53690552203733
m195,star trek: insurrection,1,1,1,3,-5.157644474162623,0.1865284974093264,0.197452229299363,0.3333333333333333,0.1910828025477707,0.2638888888888889,0.9232421517372132,0.0524215820018031,0.04763168,0.0327317763623496,0.06050955414012739,0.027777777777777776,0.0128571428571429,-9.843910883357992
m196,star trek: first contact,1,1,1,3,-13.730796282027214,0.2231638418079096,0.16,0.1265822784810126,0.1927272727272727,0.240506329113924,0.8478438854217529,0.1332036664770534,0.08572656,0.0075489067894131,0.05818181818181818,0.05063291139240506,0.08461538461538454,5.935748099618701
m197,star trek vi: the undiscovered country,1,1,0,2,-10.753895598956577,0.0623376623376623,0.1800554016620498,0.1666666666666666,0.2049861495844875,0.2083333333333333,0.7773938775062561,0.1449274919979191,0.1940853,-0.0834487534626038,0.04155124653739612,0.125,0.018528049408131797,1.596305250759407
m198,star trek: nemesis,1,0,0,1,-3.8659535301007257,0.0955284552845528,0.2808988764044944,0.5106382978723404,0.2404494382022471,0.2553191489361702,0.8877484798431396,0.0816606111725036,0.09037858,0.0337078651685393,0.033707865168539325,0.0,-0.013261823500731351,-13.13726758286176
m199,starman,0,0,0,0,-4.12354712876963,0.4017391304347826,0.1337209302325581,0.0735930735930736,0.1598837209302325,0.1038961038961039,0.9374090433120728,0.0379460101288009,0.01155293,0.0003146078727474,0.0436046511627907,0.04329004329004329,-0.033498018350616166,7.101284933607992
m20,american psycho,1,1,1,3,-2.536483621008344,0.2576219512195122,0.2135523613963039,0.1834319526627219,0.1314168377823408,0.1183431952662721,0.9336370229721068,0.0429565312295539,0.029969513,-0.0078368953744091,0.0513347022587269,0.05917159763313609,0.0016189962223420729,1.0901393716299772
m200,strange days,1,1,1,3,0.8359248335403606,0.3286852589641434,0.1988130563798219,0.1333333333333333,0.1928783382789317,0.1757575757575757,0.928668975830078,0.0433761029658599,0.021819234,-0.0046039025267511,0.07418397626112759,0.07878787878787878,0.23573752462997755,1.374089341733427
m202,swingers,1,1,0,2,-5.230934620324902,0.14375,0.1737226277372262,0.1478260869565217,0.1328467153284671,0.1913043478260869,0.9310239553451538,0.0635771814978237,0.04863763,0.0191050460171374,0.0364963503649635,0.017391304347826087,0.17744666922825136,0.6657983313639129
m21,antitrust,1,1,0,2,-2.600281450841962,0.2514851485148515,0.2195767195767195,0.2834645669291338,0.1296296296296296,0.0866141732283464,0.9441278576850892,0.0779737443643402,0.027202964,0.0344540265800108,0.042328042328042326,0.007874015748031496,0.08077401950612162,-13.11534661815378
m218,thirteen days,1,0,0,1,4.137513163345787,0.097165991902834,0.3183856502242152,0.4583333333333333,0.1659192825112107,0.25,0.8691489100456238,0.1486856397971012,0.10249448,0.0448430493273542,0.04484304932735426,0.0,-0.20833333333333337,-4.125683220171176
m22,austin powers: international man of mystery,1,1,0,2,-7.678142603214766,0.2817551963048499,0.1704180064308681,0.1885245901639344,0.2057877813504823,0.1885245901639344,0.9243177771568298,0.0444175771957662,0.032307565,-0.0401665700279373,0.04180064308681672,0.08196721311475409,0.005627705627705648,-4.5053644538581334
m221,total recall,1,0,0,1,-2.048247344517449,0.2153465346534653,0.1419558359621451,0.1839080459770115,0.1514195583596214,0.1149425287356321,0.937762439250946,0.0629776327689713,0.034844637,-0.0015954168026396,0.07886435331230283,0.08045977011494253,0.1873840445269016,-8.676645750702995
m222,tremors,1,1,1,3,3.457539617722432,0.1428571428571428,0.1794871794871795,0.2884615384615384,0.1346153846153846,0.3269230769230769,0.8835489749908447,0.0848166600374158,0.08286971,-0.0512820512820512,0.08333333333333333,0.1346153846153846,0.07500000000000007,-8.090427099797918
m224,twin peaks: fire walk with me,1,1,1,3,-4.091243825748705,0.4231433506044905,0.2425149700598802,0.1918367346938775,0.1706586826347305,0.1591836734693877,0.9127202033996582,0.0506357211108961,0.008561134,0.0163387510692899,0.04491017964071856,0.02857142857142857,-0.04893216594386718,0.13544424925525433
m227,new nightmare,1,1,1,3,-6.323536963349142,0.6148148148148148,0.2019230769230769,0.1325301204819277,0.173076923076923,0.144578313253012,0.9392077922821044,0.0446093253690323,-0.015506029,0.0360287303058387,0.04807692307692308,0.012048192771084338,-0.14217588998558273,0.25864661654135546
m229,wild at heart,1,1,0,2,-0.5463889919576701,0.4494086727989487,0.1813842482100238,0.3421052631578947,0.1742243436754176,0.1286549707602339,0.9480584859848022,0.0286034458530443,0.0036853552,0.0269647866683414,0.06205250596658711,0.03508771929824561,-0.022943330839207632,-10.552139373722106
m230,wonder boys,1,0,0,1,-4.453002110903839,0.1480552070263488,0.2150220913107511,0.3728813559322034,0.1296023564064801,0.2288135593220339,0.9570677280426024,0.051585505727803,0.029974341,0.0412371134020618,0.041237113402061855,0.0,0.051759834368530044,-10.989017958470964
m234,agnes of god,1,1,1,3,1.54758070147507,0.9904076738609112,0.125,0.1670702179176755,0.125,0.1150121065375302,0.5691106915473938,0.2185307206473551,-0.4221062,-0.0133171912832929,0.0,0.013317191283292978,-0.29622641509433967,-9.129577757028736
m236,alien,1,1,1,3,,0.0,0.1431623931623931,0.0,0.1474358974358974,0.0,,,,,0.06196581196581197,,0.17333333333333334,
m238,all about eve,1,1,1,3,-3.888107712086722,0.6632739609838847,0.2745591939546599,0.2966751918158568,0.2292191435768261,0.2084398976982097,0.9819558262825012,0.0278993728584195,-0.0060608387,-0.0041841947599322,0.022670025188916875,0.026854219948849106,-0.03768482378836602,-3.0687363686049167
m24,bachelor party,1,1,1,3,5.028457981890497,0.2437923250564334,0.1164179104477611,0.1851851851851851,0.1313432835820895,0.1111111111111111,0.93242347240448,0.0505499094452571,0.03319931,-0.0540906578220011,0.04776119402985075,0.10185185185185185,0.16929824561403506,-10.459049620899332
m241,an american werewolf in paris,1,0,0,1,0.4957149972788812,0.2857142857142857,0.2375,0.1770833333333333,0.1875,0.15625,0.9279442429542542,0.0361331486507104,0.030899584,-0.01875,0.03333333333333333,0.052083333333333336,-0.024851131401349646,1.3200531814932646
m243,annie hall,1,1,1,3,-5.30676760120059,0.4504950495049505,0.1729729729729729,0.167032967032967,0.2072072072072072,0.156043956043956,0.9487162828445436,0.0209735039647049,0.0019569397,0.0188496188496188,0.03423423423423423,0.015384615384615385,-0.019636879503229232,-4.5809118493141145
m245,antz,1,1,1,3,-4.498605743424434,0.4,0.1773049645390071,0.1170212765957446,0.1347517730496454,0.2127659574468085,0.9383788704872132,0.0835735476363688,0.009526968,0.0248226950354609,0.07801418439716312,0.05319148936170213,0.03340517241379315,2.0258341483240834
m247,apocalypse now,0,0,0,0,5.221887173633874,0.0441458733205374,0.1726907630522088,0.1739130434782608,0.1586345381526104,0.391304347826087,0.7899391651153564,0.1810782023817014,0.18914485,0.036144578313253,0.03614457831325301,0.0,0.13864061525670335,2.7550176042055394
m248,arctic blue,1,0,0,1,-1.0883454007894215,0.1815384615384615,0.131578947368421,0.1016949152542373,0.1090225563909774,0.1016949152542373,0.9138015508651732,0.0745356074605843,0.054626286,0.0337071492290047,0.10150375939849623,0.06779661016949153,-0.04658385093167705,0.10317011555052957
m249,as good as it gets,1,1,1,3,-0.1237099077605705,0.3801801801801802,0.1976744186046511,0.1800947867298578,0.2063953488372093,0.2085308056872037,0.9687870740890504,0.0425526987197405,0.0074260235,-0.0132673867519012,0.0436046511627907,0.05687203791469194,-0.08054078179045643,1.2018746457736693
m25,backdraft,1,0,0,1,-0.1020322306437151,0.1537001897533206,0.2242152466367713,0.3209876543209876,0.1591928251121076,0.0864197530864197,0.9371924996376038,0.0850433592034012,0.042064786,0.0246359962353983,0.04932735426008968,0.024691358024691357,-0.014197530864197505,-12.531861656104574
m250,assassins,1,0,0,1,0.5826001422752114,0.3518518518518518,0.28,0.1421052631578947,0.1771428571428571,0.1105263157894736,0.949957311153412,0.0789651585996149,0.014114857,0.0094736842105263,0.02,0.010526315789473684,0.10414746543778797,5.707800013721389
m252,a walk to remember,1,1,1,3,-4.196835299394451,0.3798449612403101,0.134375,0.1428571428571428,0.1,0.1224489795918367,0.9694684743881226,0.0430767903668897,0.007343471,-0.0005102040816326,0.025,0.025510204081632654,-0.008333333333333304,0.37793935113922217
m253,back to the future,1,1,0,2,1.959486599459936,0.1391585760517799,0.2781954887218045,0.2093023255813953,0.2669172932330827,0.0697674418604651,0.8660985827445984,0.104394464171403,0.09294093,0.010578772512677,0.03383458646616541,0.023255813953488372,0.22367346938775512,-3.692112536516035
m254,badlands,0,0,0,0,-1.597885731701595,0.3368794326241134,0.1925133689839572,0.1263157894736842,0.0909090909090909,0.0631578947368421,0.9302796721458436,0.0340573809224751,0.020661473,0.0112018012946805,0.0427807486631016,0.031578947368421054,0.07280883367839885,1.7178024079108525
m256,barton fink,1,0,0,1,6.053674438360019,0.1271551724137931,0.2938271604938272,0.2542372881355932,0.1407407407407407,0.1864406779661017,0.8448280096054077,0.1764476114311972,0.11134297,-0.023352165725047,0.044444444444444446,0.06779661016949153,-0.04089642947581673,2.4540788539930354
m257,basic instinct,1,0,0,1,3.100004243120651,0.3706422018348624,0.1690962099125364,0.1782178217821782,0.0787172011661807,0.1089108910891089,0.9593865871429444,0.0320882657852118,0.010300875,0.0230493894870536,0.037900874635568516,0.01485148514851485,-0.050155261831601905,-0.6187308626332992
m258,basquiat,1,1,0,2,0.0376801917597475,0.1775456919060052,0.2222222222222222,0.3088235294117647,0.1238095238095238,0.1617647058823529,0.9195672273635864,0.078276013042726,0.051960945,0.0634920634920634,0.06349206349206349,0.0,0.015082956259426905,-14.758080199029422
m259,batman returns,0,0,0,0,-5.728773625835942,0.3557312252964427,0.2883435582822086,0.1222222222222222,0.1901840490797546,0.1444444444444444,0.9265283942222596,0.0815447224935686,0.01989901,0.0134287661895023,0.024539877300613498,0.011111111111111112,0.04807692307692313,12.858508138049404
m261,batman forever,1,0,0,1,0.8645779035795726,0.2288732394366197,0.2146118721461187,0.2769230769230769,0.1735159817351598,0.123076923076923,0.914881467819214,0.0978607125777811,0.044992685,-0.0158763610818405,0.045662100456621,0.06153846153846154,0.020979020979020935,-8.973003740445602
m264,beavis and butt-head do america,1,0,0,1,4.10291525403845,0.0581818181818181,0.138996138996139,0.0625,0.1042471042471042,0.0625,0.6793501377105713,0.299027900057206,0.28701746,0.0347490347490347,0.03474903474903475,0.0,0.1869918699186992,10.948277714506734
m265,beetle juice,1,1,1,3,1.283666596400053,0.5576923076923077,0.1782608695652174,0.2172413793103448,0.1782608695652174,0.2310344827586206,0.96510249376297,0.0437166724057136,-0.004312396,0.0272863568215892,0.06521739130434782,0.03793103448275862,0.0003482904742555526,-0.9134843755709277
m266,being there,1,1,0,2,7.067207952095728,0.3094890510948905,0.2219873150105708,0.4056603773584906,0.3065539112050739,0.4009433962264151,0.8791534900665283,0.0802171863925514,0.042129338,-0.0066715864214767,0.016913319238900635,0.02358490566037736,0.014604458511615181,-1.163384476415132
m267,being john malkovich,1,1,1,3,-5.750693068350699,0.3822075782537067,0.1973333333333333,0.1896551724137931,0.2533333333333333,0.1594827586206896,0.9650259017944336,0.0553225182213632,0.007683277,0.0168045977011494,0.042666666666666665,0.02586206896551724,0.0716854283927455,-1.159219830630164
m271,blade ii,1,0,0,1,4.71461969525447,0.3410404624277456,0.1842105263157894,0.3559322033898305,0.0350877192982456,0.2203389830508474,0.8864448070526123,0.1334825098235863,0.036872983,0.0789473684210526,0.07894736842105263,0.0,-0.1333333333333333,-9.310543161617076
m274,blood simple.,1,0,0,1,5.292538137211636,0.3588850174216028,0.1358695652173913,0.1650485436893204,0.1413043478260869,0.0679611650485436,0.9368253350257874,0.06363983237944,0.015332103,0.0294955677501055,0.04891304347826087,0.019417475728155338,-0.09598096245372811,-6.568935061759127
m276,blow,1,0,0,1,-1.2709337260261009,0.1380880121396054,0.1443661971830986,0.0659340659340659,0.2799295774647887,0.1428571428571428,0.949836492538452,0.0458874011894854,0.035377562,-0.003463086209565,0.040492957746478875,0.04395604395604396,0.21302491924319333,5.485861247125546
m277,la battaglia di algeri,1,0,0,1,12.70062211309883,0.3292682926829268,0.0727272727272727,0.5185185185185185,0.2363636363636363,0.6296296296296297,0.8293386697769165,0.1088678302892079,0.062146902,-0.0202020202020201,0.09090909090909091,0.1111111111111111,-0.16666666666666663,-16.549995678852305
m28,barry lyndon,1,0,0,1,5.366547692364037,0.1644736842105263,0.3385826771653543,0.36,0.515748031496063,0.78,0.8915172219276428,0.132307357751744,0.072553635,-0.0081889763779527,0.011811023622047244,0.02,0.10632149307646,1.1113716413658175
m285,broadcast news,1,1,1,3,-5.324819829674809,0.3618233618233618,0.2566964285714285,0.2401574803149606,0.1941964285714285,0.1338582677165354,0.9805135726928712,0.0325381176740406,0.0050069094,0.0092097862767154,0.044642857142857144,0.03543307086614173,-0.023046283452743066,-3.123952186058439
m286,a bucket of blood,1,1,0,2,-1.547056478514321,0.3473193473193473,0.1464285714285714,0.1812080536912751,0.0892857142857142,0.1409395973154362,0.9256474375724792,0.0727874113045601,0.022442043,-0.0385426653883029,0.02857142857142857,0.06711409395973154,-0.0895732174801942,-0.34515819750719245
m287,buffy the vampire slayer,1,1,1,3,-0.204024882799203,0.6035598705501618,0.2,0.1715817694369973,0.1469387755102041,0.1528150134048257,0.9728930592536926,0.0433853482742497,-0.005524397,0.0278929802483996,0.07346938775510205,0.045576407506702415,-0.0337573964497041,2.152940086282346
m288,bull durham,1,1,0,2,0.0999537466286142,0.3192771084337349,0.2241887905604719,0.2389937106918239,0.0943952802359882,0.1886792452830188,0.957180917263031,0.0424252560404243,0.016046107,0.0246006567596148,0.05604719764011799,0.031446540880503145,0.008641182139415338,0.5016120484767157
m29,basic,1,1,1,3,3.754532366604536,0.23421926910299,0.227765726681128,0.1631205673758865,0.1540130151843818,0.1205673758865248,0.94862961769104,0.0508601690497176,0.027052343,-0.02044583929478,0.04338394793926247,0.06382978723404255,-0.06527444938947846,0.8957440936915795
m290,catwoman,1,1,1,3,-2.389173260686931,0.5254901960784314,0.3140495867768595,0.2462686567164179,0.2975206611570248,0.2761194029850746,0.934821367263794,0.0814993290275825,-0.004027188,-0.0298507462686567,0.0,0.029850746268656716,0.05679844185924088,3.882205438968329
m291,cellular,1,1,1,3,-0.7757938480486359,0.3503875968992248,0.1909307875894988,0.1858407079646017,0.0954653937947494,0.1504424778761062,0.9423843622207642,0.0327203541871179,0.017315686,0.0253131138192493,0.07398568019093078,0.048672566371681415,0.0887749595250944,1.224051964625911
m294,cherry falls,1,1,1,3,-3.738503393077977,0.6191588785046729,0.1595092024539877,0.1584905660377358,0.2024539877300613,0.1094339622641509,0.9582369327545166,0.0389713286316912,-0.00920248,0.0066211367056372,0.03680981595092025,0.03018867924528302,-0.0560640245200289,-3.2488494051641794
m296,chinatown,1,1,0,2,-4.426932833559533,0.229987293519695,0.1864686468646864,0.2320441988950276,0.1122112211221122,0.1325966850828729,0.9440202713012696,0.031890680891934,0.029162824,0.0218806411027843,0.04950495049504951,0.027624309392265192,0.1079354173823428,-10.24059545739319
m298,citizen kane,1,0,0,1,-5.29354344282325,0.5735056542810986,0.3977272727272727,0.276056338028169,0.2613636363636363,0.2478873239436619,0.920556366443634,0.0351936352409957,-0.010542333,-0.0317648314127187,0.01893939393939394,0.05070422535211268,-0.09520300641072876,7.113386840281411
m299,clerks.,1,0,0,1,-1.9483158385935864,0.1965742251223491,0.1766497461928934,0.2157676348547718,0.1319796954314721,0.1161825726141078,0.9502509832382202,0.0247753472749645,0.03016138,0.0031762748278113,0.04467005076142132,0.04149377593360996,0.14198938992042442,1.0127737300684103
m3,2001: a space odyssey,0,0,0,0,-2.7261768188328404,0.0336538461538461,0.3383084577114428,0.1428571428571428,0.2537313432835821,0.1428571428571428,0.6222174167633057,0.3249323520551853,0.35012782,0.0049751243781094,0.004975124378109453,0.0,0.08078817733990151,18.925608659097993
m30,big fish,1,0,0,1,-2.5709067726886303,0.2713178294573643,0.2340425531914893,0.219047619047619,0.2482269503546099,0.2,0.9561887383461,0.0518464214341542,0.019673288,-0.0037487335359675,0.024822695035460994,0.02857142857142857,0.0008484162895927572,0.23602860069099663
m300,cliffhanger,1,0,0,1,1.027536836445293,0.2766884531590414,0.1234939759036144,0.2283464566929134,0.1325301204819277,0.1417322834645669,0.941370964050293,0.0579263617069814,0.025261998,0.0375675932074755,0.10843373493975904,0.07086614173228346,-0.02214156079854812,-8.145388814669062
m301,a clockwork orange,1,0,0,1,8.592848099424359,0.0632530120481927,0.2315112540192926,0.2857142857142857,0.2636655948553054,0.7619047619047619,0.827811598777771,0.2294569280252407,0.14978075,0.0006124636349716,0.04823151125401929,0.047619047619047616,0.08034188034188028,-0.35988608564396607
m302,collateral,1,0,0,1,0.07921105838372,0.1087786259541984,0.1777301927194861,0.1929824561403508,0.1006423982869379,0.175438596491228,0.933713436126709,0.0708122664647922,0.051753044,0.0158909049926744,0.06852248394004283,0.05263157894736842,0.07124721089482189,-1.9351560678224686
m303,conspiracy theory,1,1,0,2,2.368650704452236,0.4421906693711968,0.2363636363636363,0.1743119266055046,0.1672727272727272,0.0963302752293578,0.954506516456604,0.0372355808992998,0.0034608245,-0.0121934945788156,0.02909090909090909,0.04128440366972477,-0.04396135265700474,-2.9240448855159897
m305,cool hand luke,1,0,0,1,-1.9306736489622267,0.0643939393939393,0.117408906882591,0.2352941176470588,0.1133603238866396,0.1764705882352941,0.8122947216033936,0.2005498274105811,0.15898621,0.0221481305072636,0.08097165991902834,0.058823529411764705,0.08451308451308448,-1.0766638056290834
m306,copycat,1,1,1,3,0.4889766169623755,0.648854961832061,0.2282608695652173,0.1823529411764705,0.2445652173913043,0.2617647058823529,0.9425025582313538,0.038395253424573,-0.016898453,-0.0141943734015345,0.06521739130434782,0.07941176470588235,-0.05538662456386567,2.9642282739157935
m312,cruel intentions,1,1,1,3,-2.372877317453316,0.5507425742574258,0.2176308539944903,0.197752808988764,0.1818181818181818,0.1730337078651685,0.9793603420257568,0.0224467874650731,-0.0022050142,0.002395765623549,0.049586776859504134,0.04719101123595506,0.09267034024315579,2.1708170209216
m316,dave,1,1,1,3,-4.435275833482024,0.1221532091097308,0.1556603773584905,0.1694915254237288,0.070754716981132,0.0847457627118644,0.9111453294754028,0.08206544417686,0.06671834,0.0066357531180044,0.02358490566037736,0.01694915254237288,0.10231051986697004,1.480395140983422
m317,day of the dead,0,0,0,0,2.451614503274584,0.4305555555555556,0.2317073170731707,0.1612903225806451,0.2195121951219512,0.2903225806451613,0.8835688829421997,0.112440889928178,0.015940785,-0.0601888276947285,0.036585365853658534,0.0967741935483871,-0.09309523809523801,0.987626714370899
m318,dead poets society,1,0,0,1,-6.867646985437446,0.1091314031180401,0.235,0.1836734693877551,0.23,0.0612244897959183,0.827626645565033,0.1321746297723432,0.12872243,0.0425,0.0425,0.0,0.23368471875754404,-1.5518194949337634
m321,demolition man,0,0,0,0,7.752272542986006,0.3544973544973545,0.0245901639344262,0.1940298507462686,0.040983606557377,0.1044776119402985,0.8881973028182983,0.1122506780107695,0.03526491,-0.0128456080254465,0.10655737704918032,0.11940298507462686,-0.11016144349477686,-13.866133455478629
m323,die hard,1,1,1,3,-0.0336700317192821,0.0980392156862745,0.217391304347826,0.2,0.1913043478260869,0.08,0.8211027979850769,0.1374769400705824,0.13929403,-0.0095652173913043,0.030434782608695653,0.04,0.15954219525648095,1.6504571048590417
m324,dog day afternoon,1,1,1,3,5.98949097631305,0.1256117455138662,0.1548507462686567,0.2337662337662337,0.1212686567164179,0.3116883116883117,0.9259836077690125,0.0748937291876968,0.056061506,0.0243991083543322,0.05037313432835821,0.025974025974025976,0.0806277056277056,-3.297676048274125
m326,do the right thing,1,1,0,2,-4.243467567945714,0.2560706401766004,0.1008902077151335,0.1120689655172413,0.1186943620178041,0.1724137931034483,0.9246997237205504,0.117887303074557,0.037702024,0.0289573314233091,0.09792284866468842,0.06896551724137931,-0.09577872599817139,1.2728445373281208
m328,dune,1,1,1,3,2.200675201698104,0.3045977011494253,0.1570247933884297,0.2264150943396226,0.3636363636363636,0.4150943396226415,0.9276673793792723,0.0810667224962388,0.027022481,-0.0070169967254015,0.049586776859504134,0.05660377358490566,0.09118541033434646,-7.261239324974005
m329,ed wood,1,1,1,3,3.6549261016280497,0.1723163841807909,0.1877133105802047,0.1475409836065573,0.1945392491467577,0.2131147540983606,0.9371558427810668,0.0615827997578263,0.041433096,0.012616796284899,0.02901023890784983,0.01639344262295082,0.1956536410879396,-1.2360197219352145
m330,edtv,1,0,0,1,0.9564515320194004,0.2957516339869281,0.1508120649651972,0.1104972375690607,0.148491879350348,0.0939226519337016,0.9710571765899658,0.0377643278455987,0.011638105,-0.0015510633115842,0.037122969837587005,0.03867403314917127,0.027687453720099175,2.103752645580178
m331,election,1,1,1,3,-5.1867456994969245,0.398921832884097,0.2511210762331838,0.1824324324324324,0.179372197309417,0.0675675675675675,0.9119962453842164,0.0726765071038561,0.015701473,-0.0226033208095988,0.017937219730941704,0.04054054054054054,-0.04808897243107768,-0.9396855501794263
m332,l.a. confidential,1,0,0,1,-3.326983675656507,0.1391304347826087,0.1555555555555555,0.125,0.0808080808080808,0.2,0.8928715586662292,0.058780027086333,0.07743502,-0.0116161616161616,0.03838383838383838,0.05,0.11620573791677447,4.3255109992207625
m333,enemy of the state,1,0,0,1,2.934711111642045,0.1625163826998689,0.1517996870109546,0.1774193548387097,0.0798122065727699,0.1129032258064516,0.9557316303253174,0.0462588786878653,0.029993534,0.0097556666161845,0.050078247261345854,0.04032258064516129,0.0551542254328633,-5.795378412288503
m336,erin brockovich,1,1,1,3,-3.3303395214112186,0.6491994177583698,0.2448132780082987,0.257847533632287,0.1618257261410788,0.1457399103139013,0.9658998847007751,0.0414215716814603,-0.009773254,0.0164951714641906,0.04564315352697095,0.02914798206278027,-0.010709504685408322,1.2187791729057338
m338,escape from the planet of the apes,1,0,0,1,32.0203622139765,0.1025641025641025,0.1714285714285714,0.5,0.1714285714285714,0.25,0.5156891345977783,0.1729453554926432,0.36102545,0.0857142857142857,0.08571428571428572,0.0,0.5,-9.18748205569911
m339,escape from l.a.,1,0,0,1,2.837882861274423,0.0885416666666666,0.1028571428571428,0.0588235294117647,0.1085714285714285,0.2352941176470588,0.763258695602417,0.1867106605988917,0.1890232,0.0914285714285714,0.09142857142857143,0.0,0.2786144578313253,6.495846261635472
m34,blade runner,1,0,0,1,-4.936107165451716,0.2347629796839729,0.1386430678466076,0.2692307692307692,0.1563421828908554,0.1057692307692307,0.9380000829696656,0.0622376290858478,0.03254795,0.010267755842977,0.029498525073746312,0.019230769230769232,-0.03257007500986975,-21.56202352413475
m340,excalibur,1,0,0,1,2.6404069080152652,0.1585365853658536,0.1545893719806763,0.0512820512820512,0.4685990338164251,0.2051282051282051,0.9046989679336548,0.1177451812607827,0.06709856,0.038647342995169,0.03864734299516908,0.0,0.20877129394708227,6.08471542556844
m343,face/off,1,0,0,1,2.764870640268967,0.2751677852348993,0.1712962962962963,0.1219512195121951,0.2129629629629629,0.2073170731707317,0.9163317680358888,0.0957317061240744,0.036860704,0.0235998193315266,0.06018518518518518,0.036585365853658534,0.10953197745650567,3.6177296962456573
m346,fantastic voyage,0,0,0,0,-2.9043718035471073,0.128686327077748,0.1846153846153846,0.3125,0.2153846153846154,0.125,0.8955778479576111,0.1098508689804012,0.077475905,-0.0163461538461538,0.046153846153846156,0.0625,-0.15217391304347827,-13.967609665948899
m348,fight club,1,0,0,1,-3.322251858514022,0.1319727891156462,0.170846394984326,0.1237113402061855,0.1379310344827586,0.134020618556701,0.9450109004974364,0.0550879555637093,0.039618373,0.0339979963158064,0.07523510971786834,0.041237113402061855,0.12777135145556195,4.554263354183828
m349,final destination 2,1,1,1,3,-3.5861593104320235,0.6041666666666666,0.2736842105263158,0.2827586206896552,0.1157894736842105,0.1379310344827586,0.9220612049102784,0.0706907788407556,-0.015560865,0.0079854809437386,0.06315789473684211,0.05517241379310345,-0.06593406593406603,4.165251839275609
m35,blast from the past,1,1,1,3,-2.2046500453179334,0.3661375661375661,0.1819699499165275,0.1878612716763005,0.1702838063439065,0.1502890173410404,0.9721803665161132,0.0513079814991364,0.006849766,-0.0534416706070811,0.021702838063439065,0.07514450867052024,0.0734921816827997,0.5506940793761501
m350,final destination,1,0,0,1,0.6814146641521432,0.2877697841726618,0.2323232323232323,0.15,0.101010101010101,0.225,0.8722389936447144,0.0841618335493578,0.053682983,-0.0744949494949495,0.050505050505050504,0.125,0.0888888888888888,4.245572416049736
m351,rambo: first blood part ii,0,0,0,0,8.923023606800513,0.1091703056768559,0.0784313725490196,0.2,0.0637254901960784,0.16,0.7948683500289917,0.1254470437471843,0.1598711,0.0335294117647058,0.07352941176470588,0.04,-0.059523809523809534,-11.444474118675345
m353,five easy pieces,1,1,1,3,5.834547154439264,0.4806866952789699,0.1652892561983471,0.2321428571428571,0.0826446280991735,0.1830357142857142,0.9557693600654602,0.0295216384461414,0.0025946498,0.0361939197166469,0.049586776859504134,0.013392857142857142,-0.05946761080514029,-0.8531585661351464
m355,fletch,1,0,0,1,-3.280271220335081,0.2213855421686747,0.1315280464216634,0.1972789115646258,0.104448742746615,0.1564625850340136,0.9566820859909058,0.0547895913788029,0.0237149,0.0104738220239739,0.04448742746615087,0.034013605442176874,-0.020611035111719023,-5.379775960938298
m359,friday the 13th part iii,1,1,1,3,6.195322400927253,0.4347826086956521,0.125,0.25,0.1826923076923076,0.1375,0.9464775323867798,0.0813657520046144,0.0067496896,-0.0298076923076923,0.057692307692307696,0.0875,-0.009650495565988515,-8.710763783947153
m36,blue velvet,1,0,0,1,-0.2213256795566422,0.4165457184325108,0.1865671641791045,0.1777003484320557,0.1741293532338308,0.1219512195121951,0.9692384004592896,0.0346272921359917,0.004683852,0.0029556052490162,0.06218905472636816,0.059233449477351915,-0.043303043303043354,1.420507863506657
m362,friday the 13th part viii: jason takes manhattan,1,1,1,3,-0.9776276864094058,0.5803571428571429,0.1595744680851064,0.2230769230769231,0.2553191489361702,0.1384615384615384,0.9134970903396606,0.0807325405018388,-0.0115715265,0.0484451718494271,0.06382978723404255,0.015384615384615385,-0.051948051948051965,-11.932320818830455
m364,gandhi,1,1,0,2,,0.0,0.1521739130434782,0.0,0.217391304347826,0.0,,,,,0.021739130434782608,,0.5523809523809524,
m365,gattaca,1,0,0,1,3.6847431149934806,0.1538461538461538,0.2954545454545454,0.2291666666666666,0.178030303030303,0.1041666666666666,0.8945563435554504,0.1111494064901833,0.07233584,0.034090909090909,0.03409090909090909,0.0,0.052026618269812475,-1.2555795536357088
m367,get carter,1,0,0,1,0.6119832985176146,0.2547169811320754,0.1044303797468354,0.1851851851851851,0.0886075949367088,0.0555555555555555,0.954456865787506,0.0472964296371957,0.02149272,0.0355133614627285,0.06329113924050633,0.027777777777777776,-0.027937915742793806,-15.866088121304077
m368,glengarry glen ross,0,0,0,0,,0.0,0.1134361233480176,0.0,0.1640969162995594,0.0,,,,,0.02973568281938326,,0.28572728513581147,
m371,gone in sixty seconds,1,0,0,1,-1.0836999769088322,0.1371527777777778,0.1348088531187122,0.1265822784810126,0.1327967806841046,0.0759493670886076,0.9608546495437622,0.0747999133257611,0.028029978,0.0183633446247102,0.056338028169014086,0.0379746835443038,0.08921119592875315,0.7062406766323495
m372,goodfellas,1,1,1,3,-0.8963787829202943,0.2938931297709923,0.1945945945945946,0.1558441558441558,0.1513513513513513,0.1038961038961039,0.9254342913627625,0.0860887794943326,0.031703472,0.0107406107406107,0.07567567567567568,0.06493506493506493,-0.019444823043023973,1.0950345180573642
m373,good will hunting,0,0,0,0,-2.946625445007939,0.1314553990610328,0.2243243243243243,0.2053571428571428,0.1648648648648648,0.1517857142857142,0.934280812740326,0.0569691540121614,0.047116697,0.0334942084942085,0.051351351351351354,0.017857142857142856,0.16038483305036788,-0.8134132240092491
m375,grosse pointe blank,1,1,1,3,2.721057161244204,0.2696078431372549,0.2080536912751678,0.1363636363636363,0.1073825503355704,0.109090909090909,0.957024335861206,0.0649429400535719,0.019981742,-0.0142769981696156,0.040268456375838924,0.05454545454545454,0.2597604259094942,5.359579941897895
m377,hackers,1,1,0,2,-1.6293366470428765,0.375,0.1351351351351351,0.1711711711711711,0.1459459459459459,0.081081081081081,0.9257485866546632,0.0964426063938894,0.018100739,0.027027027027027,0.08108108108108109,0.05405405405405406,0.11291800274851116,-6.045720144411584
m379,halloween,1,1,1,3,3.180428818511672,0.7060702875399361,0.1630434782608695,0.1085972850678733,0.0760869565217391,0.1855203619909502,0.9383692741394044,0.0842992808651532,-0.025859356,-0.032559512099154,0.021739130434782608,0.05429864253393665,-0.17391304347826086,6.766254179422154
m380,hannah and her sisters,1,1,1,3,0.0670620562465984,0.6014897579143389,0.2126168224299065,0.1656346749226006,0.1985981308411215,0.1006191950464396,0.9743248224258424,0.0253819069070007,-0.0056130886,0.0118269147304765,0.035046728971962614,0.02321981424148607,-0.017746328178192772,1.751391130121462
m383,heathers,1,1,1,3,-3.92421414636712,0.5388235294117647,0.2193877551020408,0.2445414847161572,0.2091836734693877,0.131004366812227,0.9618947505950928,0.0423165242911256,-0.0037536025,0.0438018001960609,0.09183673469387756,0.048034934497816595,-0.06422524843577482,-7.541460879267369
m384,heavenly creatures,1,1,1,3,-0.46477648741552,0.8985507246376812,0.0,0.1612903225806451,0.238095238095238,0.1021505376344086,0.8227264881134033,0.15823758859857,-0.13941151,0.0998463901689708,0.14285714285714285,0.043010752688172046,-0.14547413793103448,-17.878426698450536
m390,hotel rwanda,1,1,0,2,-9.63240080418396,0.1881606765327695,0.109375,0.0898876404494382,0.1875,0.1235955056179775,0.9346415996551514,0.0897549437557159,0.040937364,-0.0125819288389513,0.08854166666666667,0.10112359550561797,0.21500000000000008,-1.022681404663583
m391,house on haunted hill,1,1,1,3,7.104344440436407,0.3538461538461538,0.1836734693877551,0.1739130434782608,0.1836734693877551,0.1677018633540372,0.95530903339386,0.064564047878634,0.013136864,-0.0004436557231588,0.030612244897959183,0.031055900621118012,-0.0009468066792907015,0.8331165961477858
m393,hellraiser iii: hell on earth,1,1,1,3,-8.96994939968566,0.8924731182795699,0.25,0.1325301204819277,0.55,0.180722891566265,0.6912291049957275,0.3633842023413183,-0.23944658,-0.0120481927710843,0.0,0.012048192771084338,-0.1642411642411643,-2.584209080411421
m394,hudson hawk,1,1,1,3,5.650386371209166,0.2751479289940828,0.2653061224489796,0.1397849462365591,0.2,0.2258064516129032,0.9334745407104492,0.0905689751232054,0.02982825,-0.0010972130787799,0.02040816326530612,0.021505376344086023,0.13201542912246866,11.792332912546463
m396,i walked with a zombie,1,1,1,3,-4.453837717212579,0.656140350877193,0.3265306122448979,0.3368983957219251,0.3877551020408163,0.3155080213903743,0.9283108711242676,0.0574206442939603,-0.022374153,-0.00583869911601,0.01020408163265306,0.016042780748663103,0.0040529486130735926,-4.39267441056489
m4,48 hrs.,1,1,0,2,1.8235055729972771,0.1615541922290388,0.248780487804878,0.2911392405063291,0.1268292682926829,0.1265822784810126,0.9268006682395936,0.0704909566302945,0.048889935,-0.0447051559123186,0.04390243902439024,0.08860759493670886,0.11639369123445553,-5.625097747600204
m400,i still know what you did last summer,1,1,1,3,-0.418308698373707,0.5867768595041323,0.1533333333333333,0.1173708920187793,0.1533333333333333,0.0845070422535211,0.9518340826034546,0.067332282719447,-0.008656561,0.0271361502347417,0.06,0.03286384976525822,-0.09770114942528729,0.7230527503675415
m401,isle of the dead,1,1,1,3,0.7450072539458432,0.3828996282527881,0.2349397590361445,0.3398058252427184,0.2951807228915662,0.3689320388349514,0.8882793188095093,0.0764725728625123,0.02412033,-0.0110539244356065,0.018072289156626505,0.02912621359223301,-0.04909360469034307,-7.868320907114011
m403,jaws 2,1,1,0,2,7.082739330364674,0.2093023255813953,0.1092436974789916,0.1269841269841269,0.1134453781512605,0.0793650793650793,0.9627671241760254,0.058027787165811,0.021547258,0.026844070961718,0.09033613445378151,0.06349206349206349,0.04760460885385087,-5.941845764854614
m404,jaws 3-d,1,1,1,3,0.4915140632401602,0.4063079777365491,0.0875,0.0593607305936073,0.11875,0.091324200913242,0.9750760793685912,0.0307110044991414,0.004063666,-0.0055079908675799,0.08125,0.0867579908675799,-0.05306980001556305,1.6019820040168185
m405,jaws: the revenge,1,1,1,3,0.3852008594415537,0.3786407766990291,0.1354166666666666,0.1239316239316239,0.0911458333333333,0.0854700854700854,0.9717543125152588,0.061151978725044,0.0061442256,0.0344551282051282,0.07291666666666667,0.038461538461538464,0.01821354564292732,-0.3461465623838542
m408,jerry maguire,1,1,0,2,0.380898677951663,0.3513513513513513,0.1694444444444444,0.1948717948717948,0.1611111111111111,0.123076923076923,0.9716253280639648,0.0407941795056744,0.0084245205,-0.0012820512820512,0.05,0.05128205128205128,-0.014296549980462925,-2.8201978836551547
m409,jurassic park iii,1,1,0,2,4.588809942141751,0.2587412587412587,0.1792452830188679,0.2837837837837837,0.1981132075471698,0.2432432432432432,0.8943440318107605,0.0653065726833939,0.04689938,-0.0034421213666496,0.02358490566037736,0.02702702702702703,-0.006019095060190938,-16.168807339449543
m411,jurassic park,1,1,1,3,-1.307907811419426,0.2917505030181087,0.2130681818181818,0.1103448275862069,0.1988636363636363,0.0620689655172413,0.9505597352981568,0.0523133238486708,0.019009888,0.0182797805642633,0.05965909090909091,0.041379310344827586,-0.041633624107850986,4.264077158936283
m412,freddy vs. jason,1,1,1,3,8.138952565523454,0.8829787234042553,0.3181818181818182,0.2650602409638554,0.1363636363636363,0.2469879518072289,0.8112579584121704,0.1330273314678643,-0.13956076,-0.036144578313253,0.0,0.03614457831325301,-0.24113821138211378,7.682803976354755
m414,king kong,0,0,0,0,3.051306609835762,0.4086021505376344,0.0727272727272727,0.2894736842105263,0.1454545454545454,0.1842105263157894,0.7964029908180237,0.2475394461846504,0.023249865,-0.0406698564593301,0.09090909090909091,0.13157894736842105,-0.011695906432748537,-20.841007883297724
m415,klute,1,1,1,3,-5.631491456727318,0.4132029339853301,0.3208333333333333,0.301775147928994,0.1041666666666666,0.1834319526627219,0.913932204246521,0.0851124308447198,0.014217734,0.0274161735700197,0.03333333333333333,0.005917159763313609,-0.016480595427963873,11.25129802699896
m416,kramer vs. kramer,1,0,0,1,-5.138496085443634,0.2388349514563106,0.2015306122448979,0.4878048780487805,0.1913265306122449,0.2357723577235772,0.8973124027252197,0.068823503041478,0.051636755,0.0194541231126596,0.03571428571428571,0.016260162601626018,-0.07548746518105853,-12.587258003586843
m418,lake placid,1,1,1,3,0.7857226530646244,0.3688811188811189,0.2132963988919667,0.2227488151658767,0.113573407202216,0.1706161137440758,0.9564251899719238,0.0291939777737821,0.010873556,0.0269656430925155,0.055401662049861494,0.02843601895734597,-0.15315018315018314,-1.5361731187530339
m42,casablanca,1,0,0,1,-8.441576051318805,0.1713586291309669,0.2776957163958641,0.1928571428571428,0.2629246676514032,0.2428571428571428,0.9289308786392212,0.0465764899441822,0.045301795,-0.0145494830132939,0.03545051698670606,0.05,0.07735081374321884,7.650552772879852
m422,"lock, stock and two smoking barrels",1,0,0,1,63.69122654443285,0.0144927536231884,0.2683823529411764,0.0,0.2205882352941176,0.0,0.3820708394050598,0.3083710693244654,0.59485686,0.0294117647058823,0.029411764705882353,0.0,0.3493975903614458,23.189326556543836
m425,lost in translation,1,1,1,3,-3.2148881573355226,0.5046728971962616,0.1194968553459119,0.1790123456790123,0.0377358490566037,0.0802469135802469,0.9606683850288392,0.0718035630738443,0.0005123615,-0.01211274167249,0.012578616352201259,0.024691358024691357,0.018999073215940743,-4.005468152212455
m428,magnolia,1,1,1,3,-4.6782445192773565,0.3299256505576208,0.1608876560332871,0.0929577464788732,0.1983356449375866,0.0985915492957746,0.9795370101928712,0.0272467053039635,0.0064293146,0.0063331444980562,0.04576976421636616,0.03943661971830986,0.03933944954128432,3.0170153380747458
m43,cast away,1,1,0,2,-1.179555018003768,0.2340425531914893,0.1319444444444444,0.1931818181818181,0.0902777777777777,0.1363636363636363,0.9393742084503174,0.0824224668668372,0.031154573,0.0394570707070707,0.1076388888888889,0.06818181818181818,0.012770897832817374,-6.837227241383339
m432,man on the moon,1,0,0,1,-2.7121942395286283,0.1386430678466076,0.1061643835616438,0.1063829787234042,0.2123287671232876,0.1063829787234042,0.9089698791503906,0.1322239942277822,0.06511825,-0.0151559312153891,0.0273972602739726,0.0425531914893617,0.06420765027322406,-4.23252654489977
m435,meet joe black,1,0,0,1,0.0007189835702661,0.2537735849056604,0.1605562579013906,0.1412639405204461,0.1491782553729456,0.1412639405204461,0.9655569791793824,0.0346141035159593,0.016931117,-0.0306280225022206,0.017699115044247787,0.048327137546468404,0.12322515212981755,1.3765341258040458
m438,midnight cowboy,1,0,0,1,4.22289929460878,0.1327433628318584,0.2040816326530612,0.1666666666666666,0.1173469387755102,0.2,0.873682975769043,0.0969476822527815,0.09208357,0.0408163265306122,0.04081632653061224,0.0,0.37772397094431,-1.2942413712724488
m439,midnight express,0,0,0,0,10.471615641721923,0.1422594142259414,0.1121951219512195,0.1470588235294117,0.0634146341463414,0.2647058823529412,0.8666754961013794,0.1131763160905223,0.09634644,-0.0100430416068866,0.04878048780487805,0.058823529411764705,-0.039705882352941146,3.4187891880791934
m441,misery,1,0,0,1,-0.7443930551726936,0.5025252525252525,0.2944162436548223,0.4271356783919598,0.1776649746192893,0.3467336683417085,0.93439519405365,0.0417031538277723,-0.00085514784,0.0254317271637374,0.030456852791878174,0.005025125628140704,-0.08294958555239662,4.306496649352468
m442,mission: impossible ii,0,0,0,0,-6.357311698939171,0.2470308788598574,0.2082018927444795,0.3269230769230769,0.1419558359621451,0.173076923076923,0.901989996433258,0.0656993337493281,0.04578215,0.0088570735258432,0.0473186119873817,0.038461538461538464,0.00092902266815309,-11.424144357028947
m444,moonstruck,1,1,1,3,0.0673270035433546,0.5398773006134969,0.1566666666666666,0.1193181818181818,0.1766666666666666,0.1079545454545454,0.9819401502609252,0.0463506302192483,-0.0012702942,0.001590909090909,0.03,0.028409090909090908,-0.03415750915750926,2.1854106857285984
m445,monty python and the holy grail,1,1,0,2,2.0741251026469314,0.1495601173020528,0.0551724137931034,0.0980392156862745,0.1586206896551724,0.1764705882352941,0.9113852977752686,0.0934162205557145,0.062442422,0.0504394861392833,0.0896551724137931,0.0392156862745098,0.10832137733142044,-7.564228184654729
m448,mulholland dr.,1,1,1,3,-4.390849100147165,0.5872093023255814,0.176056338028169,0.2425742574257425,0.1267605633802817,0.1386138613861386,0.926283597946167,0.1061965953529753,-0.0125460625,0.0034165388369822,0.028169014084507043,0.024752475247524754,-0.01351802403204272,-7.117290096240458
m451,my girl,1,1,1,3,-0.0956299139218828,0.5560747663551402,0.1508771929824561,0.134453781512605,0.0842105263157894,0.1512605042016806,0.9691585302352904,0.0420417144165447,-0.003121078,-0.0201975527052926,0.05263157894736842,0.07282913165266107,0.014216575922565089,0.6355327417671219
m453,nashville,1,1,1,3,-4.733512915367285,0.3234624145785877,0.1043771043771043,0.056338028169014,0.0942760942760942,0.1056338028169014,0.9403733015060424,0.0708657359676656,0.020198584,-0.0015412339356001,0.03367003367003367,0.035211267605633804,0.01334111565079632,5.811374773678741
m454,natural born killers,1,1,1,3,-11.623825894685597,0.0896358543417367,0.2307692307692307,0.375,0.2123076923076923,0.09375,0.8801414966583252,0.1426463131847927,0.09800398,0.043076923076923,0.043076923076923075,0.0,0.20621225194132875,-10.618845145513426
m458,never been kissed,1,1,1,3,-2.2958014013331365,0.6629711751662971,0.2631578947368421,0.2140468227424749,0.2302631578947368,0.2107023411371237,0.9313303232192992,0.029237405419893,-0.021610081,0.0027944023939447,0.03289473684210526,0.030100334448160536,-0.039220723613787145,-2.333241506500354
m461,a nightmare on elm street 3: dream warriors,1,1,1,3,-7.268419507946589,0.6773162939297125,0.1386138613861386,0.1698113207547169,0.1584158415841584,0.1509433962264151,0.9528125524520874,0.0677381899267195,-0.017047524,-0.0273678311227349,0.019801980198019802,0.04716981132075472,-0.11980267794221278,-4.941149580169823
m462,notting hill,1,1,1,3,-4.587640245564373,0.4074650077760497,0.2257217847769028,0.2290076335877862,0.2204724409448819,0.183206106870229,0.9743859767913818,0.0318267663230779,0.00437963,0.0045380777784456,0.023622047244094488,0.019083969465648856,-0.044642857142857095,2.5601167670133194
m465,on the waterfront,0,0,0,0,-2.504840939478612,0.2320819112627986,0.1333333333333333,0.125,0.12,0.1102941176470588,0.9361750483512878,0.0543730109859433,0.03522557,0.0372549019607843,0.06666666666666667,0.029411764705882353,-0.009459577822545362,-1.7292476339427534
m468,pearl harbor,1,1,0,2,9.129701515937654,0.3321428571428571,0.1497326203208556,0.1720430107526881,0.1764705882352941,0.2043010752688172,0.9288002252578736,0.1116514873504112,0.025778115,-0.0056350986142257,0.0481283422459893,0.053763440860215055,0.19441011502994587,-0.9142420999361178
m469,peggy sue got married,1,1,1,3,-1.163192449323731,0.6295264623955432,0.3082706766917293,0.2123893805309734,0.2030075187969924,0.1858407079646017,0.958042860031128,0.0613836293430856,-0.0111576915,-0.0059884223833921,0.03383458646616541,0.03982300884955752,-0.03830801836806785,2.826219285679837
m47,dark star,0,0,0,0,,0.0,0.1731448763250883,0.0,0.2226148409893993,0.0,,,,,0.045936395759717315,,-0.023076923076923106,
m471,philadelphia,1,1,0,2,3.740900228671407,0.1690140845070422,0.2033898305084746,0.1785714285714285,0.1283292978208232,0.1428571428571428,0.9307758808135986,0.079321735644657,0.045359075,-0.0038337368845843,0.05569007263922518,0.05952380952380952,0.13371699390656733,2.200678593649908
m472,pitch black,1,1,1,3,-1.8993688699070643,0.455607476635514,0.2060085836909871,0.1538461538461538,0.1502145922746781,0.1076923076923077,0.9474694132804872,0.0488476373187471,0.0042631626,0.0046219874546054,0.0815450643776824,0.07692307692307693,0.1160714285714286,1.395388411469412
m473,planet of the apes,1,0,0,1,-6.384037141252847,0.0404040404040404,0.2140350877192982,0.0833333333333333,0.2280701754385964,0.4166666666666667,0.6893982887268066,0.197365238920086,0.28371614,0.0666666666666666,0.06666666666666667,0.0,0.3228310502283105,10.014977080528283
m474,platoon,0,0,0,0,,0.0,0.136,0.0,0.072,0.0,,,,,0.072,,-0.22666666666666668,
m477,point break,0,0,0,0,1.3794937375203489,0.1208791208791208,0.1541666666666666,0.2121212121212121,0.1916666666666666,0.2424242424242424,0.8585007190704346,0.164457757507044,0.105266154,-0.0753787878787878,0.04583333333333333,0.12121212121212122,-0.002613240418118501,-0.7501147234282879
m478,predator,0,0,0,0,5.4390792414487095,0.2272727272727272,0.4411764705882353,0.5,0.1764705882352941,0.2,0.6489759683609009,0.2243742003350937,0.18270451,0.0,0.0,0.0,-0.08333333333333326,0.0
m479,pretty woman,1,1,1,3,-7.135762929390893,0.4814814814814814,0.1894409937888198,0.1505016722408027,0.1366459627329192,0.1103678929765886,0.9458408355712892,0.0223503309056374,0.0015134215,0.0121834687052078,0.059006211180124224,0.046822742474916385,-0.016018907563025153,3.846805890777036
m482,psycho,1,1,1,3,-2.7225432151440003,0.4323809523809523,0.3120805369127516,0.224669603524229,0.2013422818791946,0.158590308370044,0.9630693793296814,0.0414906907773567,0.0043405294,0.033764006740975,0.04697986577181208,0.013215859030837005,0.14767434055976913,3.2297436594510707
m483,maniac,1,1,1,3,9.88531852191538,0.6136363636363636,0.088235294117647,0.1296296296296296,0.1764705882352941,0.2592592592592592,0.8015131950378418,0.2017486998466069,-0.045696974,0.1176470588235294,0.11764705882352941,0.0,-0.14782129067843353,0.20914544062939555
m484,vampyr,1,1,1,3,20.763210101410166,0.6818181818181818,0.0,0.0666666666666666,0.1428571428571428,0.6666666666666666,0.6794971227645874,0.3323194508436281,-0.09669596,0.0,0.0,0.0,0.2914285714285714,-3.215434083601286
m489,star wars: episode vi - return of the jedi,1,0,0,1,-1.4381712065595451,0.1676300578034682,0.1319444444444444,0.0689655172413793,0.1875,0.2068965517241379,0.869417130947113,0.1594403414626385,0.08645046,0.007183908045977,0.041666666666666664,0.034482758620689655,0.18333333333333335,2.704398756873058
m492,who framed roger rabbit,1,0,0,1,-2.5426719452629243,0.1643059490084986,0.1864406779661017,0.1896551724137931,0.1457627118644067,0.1724137931034483,0.8890417814254761,0.1022043702778528,0.07225573,0.0437755698421975,0.061016949152542375,0.017241379310344827,0.10931174089068829,-0.46021253451593935
m494,ronin,1,0,0,1,-1.5620509568275909,0.1382765531062124,0.2441860465116279,0.3768115942028985,0.2069767441860465,0.1594202898550724,0.9448615908622742,0.0756745813164789,0.039248824,0.0128749578699022,0.04186046511627907,0.028985507246376812,0.029727542487186454,-4.227421724878489
m496,rush hour 2,1,1,1,3,2.0612725011181965,0.0858283433133732,0.1768558951965065,0.0930232558139534,0.2074235807860262,0.3488372093023256,0.8558648228645325,0.1369046586518179,0.120419204,-0.0042652584543515,0.06550218340611354,0.06976744186046512,0.13489489489489492,8.555706495924609
m497,rush hour,1,0,0,1,-2.6400842004746323,0.1382978723404255,0.1481481481481481,0.1025641025641025,0.279835390946502,0.1538461538461538,0.9055162668228148,0.08173449025096,0.06858802,-0.0018993352326685,0.04938271604938271,0.05128205128205128,0.3738140417457305,2.293784338791946
m498,runaway bride,1,0,0,1,-1.7092904345990547,0.5234042553191489,0.2232142857142857,0.1829268292682926,0.2410714285714285,0.1951219512195122,0.9561147689819336,0.0492261908349923,-0.0022827983,-0.0126669570267131,0.04017857142857143,0.052845528455284556,-0.00383544241950462,1.7383714048999863
m499,sleepless in seattle,1,1,0,2,4.3598700499508425,0.449438202247191,0.227405247813411,0.2821428571428571,0.2565597667638484,0.2535714285714285,0.9600731134414672,0.0444915485257333,0.0037786365,-0.0016763848396501,0.023323615160349854,0.025,0.016062201423418077,-3.9003607619712852
m50,donnie darko,1,1,1,3,0.7989652410134909,0.3022774327122153,0.3056379821958457,0.1712328767123287,0.2136498516320474,0.2945205479452055,0.9579280614852904,0.0532083975418078,0.016617775,-0.0114222999065078,0.02967359050445104,0.0410958904109589,0.059035355739851636,13.464574757118994
m500,salt of the earth,1,1,1,3,-3.010136205155746,0.6197183098591549,0.074074074074074,0.1022727272727272,0.0925925925925925,0.1818181818181818,0.8627004623413086,0.1041139743962239,-0.0351184,-0.0311447811447811,0.037037037037037035,0.06818181818181818,-0.03601440576230497,-2.2122471404440853
m502,saving private ryan,0,0,0,0,,0.0,0.209205020920502,0.0,0.1652719665271966,0.0,,,,,0.043933054393305436,,0.30660660660660655,
m503,say anything...,1,1,0,2,-1.5504934683167022,0.441786283891547,0.1657142857142857,0.2527075812274368,0.2028571428571428,0.1696750902527075,0.9718238115310668,0.0489723148578746,0.0035476089,0.0231459515214027,0.06285714285714286,0.039711191335740074,-0.015574185155741826,-11.867501304121022
m505,scream 2,1,1,1,3,-1.908220486862916,0.5995203836930456,0.1676646706586826,0.16,0.1197604790419161,0.112,0.9512158632278442,0.0487333177977269,-0.010011733,-0.0060838323353293,0.041916167664670656,0.048,0.020954907161803704,-3.302581123018218
m506,scream 3,1,1,1,3,0.8207091829404618,0.5583756345177665,0.2126436781609195,0.1954545454545454,0.1954022988505747,0.2045454545454545,0.9349520206451416,0.0522471997560778,-0.0068476796,0.0211076280041797,0.05747126436781609,0.03636363636363636,-0.02729044834307992,-0.38239662195955404
m511,shakespeare in love,1,1,1,3,0.2844155923429667,0.2865612648221344,0.1385041551246537,0.096551724137931,0.2520775623268698,0.2758620689655172,0.9599596261978148,0.0368975012576586,0.016057968,0.0111949565383513,0.038781163434903045,0.027586206896551724,0.05795496493170904,4.939695528962325
m516,sister act,1,1,1,3,13.251194534877255,0.3832417582417582,0.2026726057906459,0.2007168458781362,0.1291759465478842,0.2186379928315412,0.9297166466712952,0.0277665161426399,0.01485002,0.0126685346169504,0.0556792873051225,0.043010752688172046,0.07869540156270005,0.589164238100885
m517,sleepy hollow,1,1,1,3,-0.8265730793845023,0.2388059701492537,0.1993464052287581,0.3541666666666667,0.2450980392156862,0.3229166666666667,0.9319628477096558,0.0655626696795719,0.03416705,0.0230800653594771,0.07516339869281045,0.052083333333333336,-0.0002089864158829613,-11.181327668079383
m528,sphere,1,0,0,1,-1.1370737115362033,0.2407407407407407,0.2015404364569961,0.2510121457489878,0.134788189987163,0.1376518218623481,0.937725067138672,0.0241508461707143,0.031276524,0.0128369704749679,0.06546854942233633,0.05263157894736842,0.018763615062148742,-2.990325746367173
m529,star wars,1,0,0,1,-4.573018249022368,0.096,0.3274336283185841,0.125,0.3761061946902654,0.2916666666666667,0.8359682559967041,0.0999997716953023,0.1291259,-0.0169616519174041,0.06637168141592921,0.08333333333333333,0.2776148582600195,11.792216886754703
m530,starship troopers,1,1,1,3,0.7914244680715257,0.3016528925619834,0.1863905325443787,0.1301369863013698,0.1301775147928994,0.1780821917808219,0.9364466071128844,0.0536448328140447,0.024009347,0.0091999675772067,0.05029585798816568,0.0410958904109589,0.10362769186298593,3.268178519913027
m531,star trek: the motion picture,1,0,0,1,,0.0,0.2068965517241379,0.0,0.2413793103448276,0.0,,,,,0.05747126436781609,,0.2970588235294118,
m533,stepmom,1,1,1,3,0.0480282261454334,0.7889447236180904,0.1011904761904761,0.1703821656050955,0.0952380952380952,0.2085987261146497,0.9601979851722716,0.0364198078017196,-0.022521496,-0.0175917500758265,0.023809523809523808,0.041401273885350316,-0.10049150162219744,-4.513212266954131
m536,dr. strangelove or: how i learned to stop worrying and love the bomb,0,0,0,0,14.355838475972377,0.0690335305719921,0.2923728813559322,0.5428571428571428,0.1461864406779661,0.4571428571428571,0.8152058124542236,0.1504824545501548,0.1604749,-0.0443704600484261,0.06991525423728813,0.11428571428571428,0.339430894308943,-7.18336749181994
m537,suburbia,1,1,1,3,3.871081833438623,0.260233918128655,0.1633728590250329,0.1872659176029962,0.1146245059288537,0.0936329588014981,0.9710485935211182,0.0285455006284119,0.013769209,0.0317537860283341,0.057971014492753624,0.026217228464419477,0.027654489586889763,-10.55788673653823
m539,sunset blvd.,1,1,1,3,-4.297256704886266,0.4366666666666666,0.1893491124260355,0.1946564885496183,0.2041420118343195,0.2251908396946564,0.9575653672218324,0.0556156018021556,0.0054625273,0.0048782691178463,0.0621301775147929,0.05725190839694656,-0.05298515104966717,1.944961277719095
m540,supergirl,1,1,1,3,-3.528907898104052,0.6263498920086393,0.2543352601156069,0.1793103448275862,0.1387283236994219,0.1724137931034483,0.9641915559768676,0.0556109452118033,-0.008377314,-0.0031492924058202,0.05202312138728324,0.05517241379310345,0.06505102040816324,2.4256552558439353
m541,superman iii,1,1,1,3,-1.411917121840759,0.3319057815845824,0.1955128205128205,0.2516129032258064,0.173076923076923,0.1935483870967742,0.948655128479004,0.0365709457045576,0.017328262,-0.0003308519437551,0.05128205128205128,0.05161290322580645,-0.057247899159663884,-5.993465963853421
m542,superman ii,1,1,1,3,-9.211350244523004,0.4806866952789699,0.2066115702479339,0.2232142857142857,0.1157024793388429,0.2678571428571428,0.8946008682250977,0.1074469053625653,0.003014028,0.0317296340023612,0.049586776859504134,0.017857142857142856,-0.05722154222766218,5.219526388598208
m543,superman iv: the quest for peace,1,1,1,3,-1.1427561516931064,0.4713656387665198,0.1916666666666666,0.2336448598130841,0.1666666666666666,0.308411214953271,0.9115625619888306,0.0807346208345175,0.004423082,0.0126168224299065,0.05,0.037383177570093455,-0.11405835543766574,-3.1931511556268095
m546,sweet smell of success,1,0,0,1,1.025934614519599,0.2517814726840855,0.2634920634920635,0.3113207547169811,0.1746031746031746,0.0754716981132075,0.8789710402488708,0.0587508557369787,0.05548376,0.0509733453129679,0.06984126984126984,0.018867924528301886,0.06399606046332373,-13.340420898925338
m55,eternal sunshine of the spotless mind,1,1,0,2,-1.1998209320436786,0.4601769911504424,0.2482435597189695,0.260989010989011,0.1030444964871194,0.1813186813186813,0.9502838253974916,0.0451246771904678,0.004586816,-0.0158529994595568,0.02810304449648712,0.04395604395604396,-0.012935115566694466,10.260591478163253
m56,even cowgirls get the blues,1,1,1,3,-0.6751334807947131,0.5629139072847682,0.8181818181818182,0.3647058823529411,0.5606060606060606,0.2705882352941176,0.894149661064148,0.1295906068076331,-0.013844371,0.0185383244206773,0.030303030303030304,0.011764705882352941,-0.039556962025316444,3.7251033570804566
m57,event horizon,1,1,1,3,2.586373721353411,0.2287694974003466,0.1393258426966292,0.0757575757575757,0.1910112359550561,0.1515151515151515,0.9442628622055054,0.0614859696406701,0.030960321,0.0281239359891045,0.058426966292134834,0.030303030303030304,-0.03896103896103886,5.03180284302762
m570,three kings,1,1,0,2,5.420740409586472,0.2386206896551724,0.2246376811594203,0.3526011560693641,0.1431159420289855,0.1098265895953757,0.9586445689201356,0.0364082843592233,0.021881878,0.0475307866298064,0.07065217391304347,0.023121387283236993,-0.08418821534548537,-7.1610692817844495
m571,thx 1138,0,0,0,0,1.5801723238079433,0.2294117647058823,0.099236641221374,0.1538461538461538,0.1984732824427481,0.0,0.8834471702575684,0.2041495323167225,0.06388986,0.0174202387942846,0.06870229007633588,0.05128205128205128,0.20504201680672263,-8.368490669974038
m576,tombstone,1,1,1,3,2.6214620742857875,0.2046413502109704,0.2095490716180371,0.1958762886597938,0.1167108753315649,0.2268041237113402,0.9563541412353516,0.0604242313810727,0.025402665,0.0513002816593289,0.08222811671087533,0.030927835051546393,0.002020202020202033,0.4783293351450588
m577,tomorrow never dies,1,0,0,1,-3.351962902244736,0.03125,0.1524926686217008,0.1818181818181818,0.1642228739002932,0.0,0.6841038465499878,0.1954793401880037,0.29397506,-0.032258064516129,0.05865102639296188,0.09090909090909091,0.40340909090909094,-14.794530452150495
m579,toy story,1,0,0,1,-12.367601110406298,0.0863509749303621,0.0975609756097561,0.0967741935483871,0.1463414634146341,0.032258064516129,0.883864164352417,0.1265484538045745,0.09611231,0.0056058221872541,0.0701219512195122,0.06451612903225806,0.03507078507078509,-2.2411969000826204
m58,fantastic four,1,0,0,1,-0.0235896635353185,0.2792792792792792,0.203125,0.1935483870967742,0.15625,0.1209677419354838,0.9616551995277404,0.0433101711206552,0.01590687,-0.0046370967741935,0.04375,0.04838709677419355,0.04003267973856206,-1.3879205998212143
m581,traffic,1,1,1,3,-3.435768305176367,0.3844339622641509,0.2720306513409962,0.2331288343558282,0.2337164750957854,0.294478527607362,0.9546236991882324,0.0538424698559417,0.011412263,0.0260442375949039,0.038314176245210725,0.012269938650306749,-0.011048538482166803,3.111679454390451
m582,trainspotting,1,1,0,2,-2.3485451451988553,0.1869436201780415,0.1970802919708029,0.1587301587301587,0.156934306569343,0.1587301587301587,0.9227893352508544,0.0514318637565968,0.04845333,0.0302977638744062,0.06204379562043796,0.031746031746031744,0.11535048802129544,0.47825928224599323
m583,star trek v: the final frontier,1,0,0,1,21.924738156283183,0.0460992907801418,0.20817843866171,0.1538461538461538,0.2527881040892193,0.4615384615384615,0.6880638599395752,0.2552200500411852,0.2784025,0.0557620817843866,0.055762081784386616,0.0,0.07749469214437366,11.524927585768685
m584,tron,0,0,0,0,-13.13415623653087,0.0913043478260869,0.1722488038277512,0.0952380952380952,0.124401913875598,0.1428571428571428,0.782912015914917,0.1845763515666877,0.17191994,0.0478468899521531,0.04784688995215311,0.0,-0.08064516129032262,6.061884457569322
m585,true lies,1,1,1,3,-2.9288579164624053,0.3847780126849894,0.1993127147766323,0.1648351648351648,0.1786941580756013,0.1813186813186813,0.9491954445838928,0.060545105619156,0.009885013,0.0275291718590687,0.08247422680412371,0.054945054945054944,-0.039047247169074595,0.893667134348707
m586,true romance,1,0,0,1,-2.834757032177393,0.2229102167182662,0.2768924302788844,0.1944444444444444,0.1752988047808765,0.1319444444444444,0.9569356441497804,0.0381421132419304,0.023366153,0.0379592740150509,0.06573705179282868,0.027777777777777776,0.06880168503692008,3.0142062176887485
m587,twelve monkeys,1,0,0,1,-0.8950350337500339,0.3583061889250814,0.3401015228426396,0.2818181818181818,0.2284263959390862,0.1818181818181818,0.904460072517395,0.1114909598301774,0.024187922,-0.0018920166128287,0.025380710659898477,0.02727272727272727,-0.006683375104427736,-1.2305481145078367
m59,fast times at ridgemont high,1,1,0,2,-0.2289291217456366,0.568695652173913,0.1532258064516129,0.2048929663608562,0.1532258064516129,0.128440366972477,0.9514907598495485,0.0399440417265128,-0.0057184696,0.0096058991812173,0.05241935483870968,0.04281345565749235,-0.11180124223602483,-3.8313754114390406
m590,unbreakable,0,0,0,0,-0.4919193114796343,0.2641509433962264,0.2615384615384615,0.2428571428571428,0.1743589743589743,0.2142857142857142,0.9369310736656188,0.0555482542501241,0.029368222,-0.0274725274725274,0.015384615384615385,0.04285714285714286,-0.09328762179718508,6.477834313715249
m591,unforgiven,1,1,1,3,1.252833851907809,0.1301247771836007,0.2254098360655737,0.1232876712328767,0.0840163934426229,0.0958904109589041,0.9204696416854858,0.0450139719029715,0.05928743,0.0327868852459016,0.03278688524590164,0.0,0.14522241550695825,9.302766199317924
m594,vertigo,1,0,0,1,-2.7183886062377667,0.4985074626865671,0.125,0.1796407185628742,0.0892857142857142,0.2365269461077844,0.967037796974182,0.0564041975694504,3.9339066e-06,-0.0061484174508126,0.026785714285714284,0.03293413173652695,0.011004168245547619,-1.348959579048076
m6,8mm,1,0,0,1,-5.157192523791437,0.0667870036101083,0.2804642166344294,0.1891891891891892,0.1837524177949709,0.054054054054054,0.887448787689209,0.118805674550906,0.09516561,0.0136442051335668,0.06769825918762089,0.05405405405405406,0.4094081357239252,-3.709481877497783
m60,fear and loathing in las vegas,1,0,0,1,1.2976747415923455,0.1162790697674418,0.2368421052631578,0.3,0.2302631578947368,0.175,0.8619898557662964,0.1728119094034449,0.1044395,0.0059210526315789,0.05592105263157895,0.05,0.18764498668270468,-6.783370149060211
m601,what lies beneath,1,1,1,3,3.5423892361541647,0.7025796661608498,0.1479591836734693,0.1555075593952483,0.0918367346938775,0.1360691144708423,0.9724066257476808,0.0308090639819793,-0.011259794,0.007636531934588,0.03571428571428571,0.028077753779697623,-0.04014918376913201,-0.3671481545986275
m606,wild things,1,1,1,3,-2.6291246655166987,0.481335952848723,0.3333333333333333,0.2489795918367346,0.1742424242424242,0.1020408163265306,0.9544357657432556,0.0314707698688188,0.0022128224,-0.007312925170068,0.041666666666666664,0.04897959183673469,0.08424908424908417,2.4463609100990595
m607,wild wild west,1,1,0,2,6.435768364060181,0.07,0.1792114695340501,0.238095238095238,0.2007168458781362,0.1428571428571428,0.8145454525947571,0.1187059082627438,0.15694797,0.043010752688172,0.043010752688172046,0.0,-0.06060606060606066,-4.165028325105219
m608,willow,1,1,1,3,0.8055378353674172,0.167381974248927,0.0773195876288659,0.0256410256410256,0.1237113402061855,0.1282051282051282,0.8209134340286255,0.1330371034471018,0.11718649,-0.0818133756278086,0.04639175257731959,0.1282051282051282,0.1395655036208031,5.668898350242425
m609,witness,1,1,1,3,-0.8638650871702822,0.3536231884057971,0.116591928251121,0.2622950819672131,0.1300448430493273,0.2786885245901639,0.9318362474441528,0.0500204345971817,0.020351708,0.0762331838565022,0.07623318385650224,0.0,-0.15050663151824706,-12.43817246062331
m612,watchmen,1,1,1,3,-6.265038738405877,0.3432835820895522,0.2318181818181818,0.1565217391304348,0.15,0.1217391304347826,0.9213254451751708,0.0813279705999095,0.021920025,0.000395256916996,0.00909090909090909,0.008695652173913044,-0.05001020616452334,4.328557974831185
m615,young frankenstein,1,1,0,2,-34.67687423498613,0.2377358490566037,0.141089108910891,0.1587301587301587,0.1534653465346534,0.1666666666666666,0.925828754901886,0.0654712422284207,0.036196053,-0.001100110011001,0.054455445544554455,0.05555555555555555,0.05862068965517242,-4.462847907431591
m62,frances,1,1,1,3,-1.172940329527222,0.656203288490284,0.208695652173913,0.1753986332574031,0.1608695652173913,0.1617312072892938,0.9579980373382568,0.0435550893463425,-0.01292485,0.029394869763296,0.05217391304347826,0.022779043280182234,-0.1016891049613563,3.5417904389131873
m65,from dusk till dawn,1,0,0,1,2.2961430163878305,0.1105990783410138,0.2253886010362694,0.1666666666666666,0.1735751295336787,0.0416666666666666,0.9175977110862732,0.0935187217505097,0.06332809,-0.028821243523316,0.03367875647668394,0.0625,0.1924834193072955,-2.2696225542396746
m67,godzilla,1,1,1,3,-3.3074689850976284,0.4026845637583892,0.1853932584269663,0.1583333333333333,0.2078651685393258,0.175,0.8999046087265015,0.0948026509658507,0.017844558,-0.049625468164794,0.033707865168539325,0.08333333333333333,-0.11588738059326298,1.7992377369697579
m68,galaxy quest,1,0,0,1,4.7256595520877624,0.1794392523364485,0.1617312072892938,0.1666666666666666,0.1776765375854214,0.1770833333333333,0.939996063709259,0.0877922206112906,0.039420664,-0.0032744874715261,0.05922551252847381,0.0625,-0.02697302697302706,-2.968887053221625
m7,a nightmare on elm street 4: the dream master,1,1,1,3,-5.363368761422336,0.6026490066225165,0.1166666666666666,0.1428571428571428,0.0666666666666666,0.0879120879120879,0.923184871673584,0.1198515985676583,-0.015647471,0.006043956043956,0.05,0.04395604395604396,-0.0923961096374889,-0.487954127036879
m72,ghost world,1,1,1,3,-0.1465146015790424,0.7213622291021672,0.3,0.223175965665236,0.1777777777777777,0.1988555078683834,0.9476324319839478,0.0471759759878904,-0.0227049,-0.0147194404705134,0.02962962962962963,0.044349070100143065,-0.09833333333333338,4.700306781978849
m74,ghostbusters ii,1,1,0,2,1.074278524813124,0.2258064516129032,0.3035714285714285,0.336734693877551,0.175595238095238,0.2448979591836734,0.9113771915435792,0.0874705530829715,0.046273947,0.0357142857142857,0.03571428571428571,0.0,0.09523809523809523,-8.173162011964177
m75,ghostbusters,1,1,0,2,-4.567309888807344,0.2134292565947242,0.298780487804878,0.1910112359550561,0.1920731707317073,0.2359550561797752,0.9027179479599,0.0750698281735891,0.051335096,-0.01541518224171,0.018292682926829267,0.033707865168539325,0.008221070811744391,4.498850096511283
m78,grand hotel,1,1,1,3,0.8594163380852535,0.3078880407124681,0.1893382352941176,0.1322314049586777,0.2352941176470588,0.2272727272727272,0.963336944580078,0.0223571689902134,0.013694048,0.0023243801652892,0.03125,0.028925619834710745,0.035595776772247345,2.2800499295270633
m80,halloween h20: 20 years later,1,1,1,3,-3.836680722232827,0.475095785440613,0.1094890510948905,0.1290322580645161,0.1021897810218978,0.1129032258064516,0.9345866441726683,0.0691496263767088,0.0004838705,-0.0280197786672945,0.0364963503649635,0.06451612903225806,0.049535603715170184,-5.476049717821379
m84,harold and maude,1,1,1,3,5.222373151585856,0.4585858585858586,0.1716417910447761,0.2687224669603524,0.1865671641791045,0.2731277533039647,0.9171788096427916,0.036644391786891,0.0071058273,0.0166348872378197,0.029850746268656716,0.013215859030837005,-0.01665759390310284,4.852784679581209
m85,hellbound: hellraiser ii,1,0,0,1,-3.8930326490690135,0.7052631578947368,0.1428571428571428,0.0895522388059701,0.0714285714285714,0.1044776119402985,0.8763551115989685,0.1738128552347629,-0.048772156,-0.0090618336886993,0.03571428571428571,0.04477611940298507,-0.19736842105263153,3.6050156739811925
m86,hellboy,1,0,0,1,-1.6075998040284958,0.2541666666666666,0.1005586592178771,0.081967213114754,0.1117318435754189,0.1311475409836065,0.920092225074768,0.1071117902986346,0.04056692,-0.0160271087095887,0.01675977653631285,0.03278688524590164,0.04589585172109434,2.8388278388278394
m87,hellraiser,1,1,1,3,-4.044530169591695,0.5438972162740899,0.056338028169014,0.0472440944881889,0.0657276995305164,0.0314960629921259,0.966846227645874,0.0468877513192002,-0.0036132932,-0.011348933495989,0.051643192488262914,0.06299212598425197,-0.08891928864569087,-1.7375797343332025
m89,highlander,1,1,0,2,3.4903392018559174,0.3416506717850288,0.1661807580174927,0.1853932584269663,0.2769679300291545,0.1516853932584269,0.9579896926879884,0.0405150757852787,0.013086259,-0.0009991155370655,0.04956268221574344,0.05056179775280899,0.001689664883131492,-7.677875232527846
m90,his girl friday,1,1,1,3,0.2700949158071353,0.3589251439539347,0.1901197604790419,0.1657754010695187,0.1691616766467066,0.1363636363636363,0.9693453311920166,0.0145317596929142,0.007896006,-0.004186813538698,0.07335329341317365,0.07754010695187166,-0.01659402594458692,0.3643698536620992
m91,hope and glory,1,1,1,3,-0.9434190178388348,0.4158415841584158,0.0847457627118644,0.2301587301587301,0.1525423728813559,0.1746031746031746,0.9261711835861206,0.0609530488948611,0.012589991,0.041700295937584,0.07344632768361582,0.031746031746031744,0.016453900709219815,-14.097280924204002
m92,house of 1000 corpses,1,1,1,3,1.2798916321467289,0.5301455301455301,0.2168141592920354,0.1843137254901961,0.1858407079646017,0.1294117647058823,0.9609943628311156,0.0406053127935309,-0.0026497245,-0.057209786569495,0.048672566371681415,0.10588235294117647,-0.0012351778656126688,1.152549246269956
m93,human nature,1,1,1,3,-4.561591581103059,0.5290909090909091,0.2895752895752895,0.1786941580756013,0.2702702702702703,0.2199312714776632,0.9496861100196838,0.0339373509599973,-0.0030864477,-0.0352532208202311,0.023166023166023165,0.058419243986254296,-0.10867652938824468,8.538706290623775
m98,indiana jones and the last crusade,0,0,0,0,-2.1820196315487266,0.0936708860759493,0.1201117318435754,0.1081081081081081,0.2039106145251396,0.1351351351351351,0.8959411382675171,0.0953453964674435,0.08462834,-0.028008455382757,0.05307262569832402,0.08108108108108109,-0.1157852564102565,-0.3569797129188679
m99,indiana jones and the temple of doom,0,0,0,0,-6.475121784892494,0.3949044585987261,0.1894736842105263,0.1048387096774193,0.1052631578947368,0.1451612903225806,0.9017570614814758,0.1105977843803935,0.020015001,-0.0038200339558573,0.05263157894736842,0.056451612903225805,0.1098490294751977,6.344930409074351
