movie_id,title,bechdel_score,female_subjects,female_objects,female_ratio,male_subjects,male_objects,male_ratio,ratio_diff,significant_diff
m0,10 things i hate about you,3.0,196.0,45.0,0.8132780082987552,182.0,29.0,0.8625592417061612,0.04928123340740598,False
m102,intolerable cruelty,3.0,56.0,10.0,0.8484848484848485,194.0,21.0,0.9023255813953488,0.05384073291050029,False
m103,it happened one night,3.0,140.0,58.0,0.7070707070707071,312.0,32.0,0.9069767441860465,0.19990603711533939,True
m104,jfk,3.0,153.0,21.0,0.8793103448275862,221.0,36.0,0.8599221789883269,-0.019388165839259286,False
m105,jackie brown,3.0,553.0,59.0,0.9035947712418301,181.0,60.0,0.7510373443983402,-0.15255742684348983,True
m107,jason x,3.0,36.0,5.0,0.8780487804878049,35.0,3.0,0.9210526315789473,0.043003851091142464,False
m108,jaws,3.0,24.0,8.0,0.75,90.0,35.0,0.72,-0.030000000000000027,False
m11,air force one,1.0,18.0,11.0,0.6206896551724138,168.0,28.0,0.8571428571428571,0.23645320197044328,True
m113,krull,1.0,91.0,15.0,0.8584905660377359,232.0,24.0,0.90625,0.04775943396226412,False
m116,leaving las vegas,2.0,0.0,0.0,0.0,0.0,0.0,0.0,0.0,False
m117,legally blonde,3.0,314.0,54.0,0.8532608695652174,99.0,35.0,0.7388059701492538,-0.11445489941596365,True
m118,legend,3.0,252.0,16.0,0.9402985074626866,298.0,32.0,0.9030303030303031,-0.037268204432383545,False
m119,life as a house,3.0,215.0,20.0,0.9148936170212766,357.0,39.0,0.9015151515151515,-0.013378465506125092,False
m121,little nicky,1.0,68.0,11.0,0.8607594936708861,133.0,24.0,0.8471337579617835,-0.013625735709102638,False
m123,lost highway,1.0,86.0,6.0,0.9347826086956522,124.0,24.0,0.8378378378378378,-0.09694477085781439,False
m124,lost horizon,2.0,0.0,0.0,0.0,0.0,0.0,0.0,0.0,False
m126,minority report,1.0,97.0,38.0,0.7185185185185186,416.0,82.0,0.8353413654618473,0.11682284694332878,True
m13,airplane!,3.0,21.0,6.0,0.7777777777777778,92.0,6.0,0.9387755102040817,0.16099773242630389,True
m130,marty,3.0,135.0,6.0,0.9574468085106383,252.0,24.0,0.9130434782608695,-0.044403330249768835,False
m132,meet john doe,3.0,110.0,6.0,0.9482758620689655,115.0,6.0,0.9504132231404959,0.002137361071530397,False
m134,metropolis,1.0,97.0,16.0,0.8584070796460177,112.0,12.0,0.9032258064516129,0.04481872680559518,False
m137,monkeybone,3.0,86.0,10.0,0.8958333333333334,144.0,14.0,0.9113924050632911,0.01555907172995774,False
m139,mr. smith goes to washington,2.0,0.0,0.0,0.0,0.0,0.0,0.0,0.0,False
m14,alien nation,1.0,36.0,19.0,0.6545454545454545,182.0,16.0,0.9191919191919192,0.2646464646464647,True
m140,mr. deeds goes to town,3.0,287.0,50.0,0.8516320474777448,303.0,74.0,0.8037135278514589,-0.047918519626285905,False
m143,mystery men,1.0,0.0,0.0,0.0,0.0,0.0,0.0,0.0,False
m145,next friday,2.0,0.0,0.0,0.0,0.0,0.0,0.0,0.0,False
m146,nick of time,3.0,142.0,60.0,0.7029702970297029,115.0,13.0,0.8984375,0.19546720297029707,True
m148,a nightmare on elm street,3.0,12.0,12.0,0.5,100.0,16.0,0.8620689655172413,0.3620689655172413,True
m149,ninotchka,3.0,101.0,21.0,0.8278688524590164,664.0,86.0,0.8853333333333333,0.05746448087431688,False
m15,aliens,3.0,64.0,12.0,0.8421052631578947,149.0,16.0,0.9030303030303031,0.06092503987240838,False
m151,no country for old men,3.0,104.0,30.0,0.7761194029850746,285.0,37.0,0.8850931677018633,0.10897376471678866,True
m153,"o brother, where art thou?",0.0,0.0,0.0,0.0,0.0,0.0,0.0,0.0,False
m154,an officer and a gentleman,3.0,103.0,20.0,0.8373983739837398,264.0,20.0,0.9295774647887324,0.09217909080499254,False
m155,panic room,3.0,112.0,8.0,0.9333333333333333,84.0,10.0,0.8936170212765957,-0.039716312056737646,False
m16,amadeus,3.0,43.0,16.0,0.7288135593220338,456.0,66.0,0.8735632183908046,0.1447496590687708,True
m163,punch-drunk love,1.0,0.0,0.0,0.0,0.0,0.0,0.0,0.0,False
m166,raging bull,1.0,0.0,0.0,0.0,0.0,0.0,0.0,0.0,False
m167,rear window,3.0,173.0,10.0,0.9453551912568307,204.0,18.0,0.918918918918919,-0.02643627233791168,False
m168,rebel without a cause,1.0,0.0,0.0,0.0,0.0,0.0,0.0,0.0,False
m17,an american werewolf in london,2.0,73.0,12.0,0.8588235294117647,251.0,23.0,0.916058394160584,0.057234864748819336,False
m170,reservoir dogs,0.0,0.0,0.0,0.0,0.0,0.0,0.0,0.0,False
m172,scary movie 2,3.0,139.0,13.0,0.9144736842105263,179.0,16.0,0.9179487179487179,0.0034750337381915797,False
m173,serial mom,3.0,182.0,8.0,0.9578947368421052,112.0,15.0,0.8818897637795275,-0.0760049730625777,False
m175,"sex, lies, and videotape",2.0,0.0,0.0,0.0,0.0,0.0,0.0,0.0,False
m178,sideways,3.0,190.0,17.0,0.9178743961352657,284.0,33.0,0.8958990536277602,-0.021975342507505435,False
m179,signs,1.0,0.0,0.0,0.0,0.0,0.0,0.0,0.0,False
m187,solaris,1.0,0.0,0.0,0.0,0.0,0.0,0.0,0.0,False
m19,american outlaws,1.0,59.0,32.0,0.6483516483516484,318.0,51.0,0.8617886178861789,0.2134369695345305,True
m190,stalag 17,0.0,0.0,0.0,0.0,0.0,0.0,0.0,0.0,False
m192,star trek iii: the search for spock,1.0,0.0,0.0,0.0,0.0,0.0,0.0,0.0,False
m193,star trek: the wrath of khan,3.0,124.0,11.0,0.9185185185185185,133.0,25.0,0.8417721518987342,-0.07674636661978429,False
m195,star trek: insurrection,3.0,46.0,22.0,0.6764705882352942,128.0,14.0,0.9014084507042254,0.22493786246893122,True
m196,star trek: first contact,3.0,38.0,3.0,0.926829268292683,103.0,16.0,0.865546218487395,-0.06128304980528798,False
m197,star trek vi: the undiscovered country,2.0,0.0,0.0,0.0,0.0,0.0,0.0,0.0,False
m198,star trek: nemesis,1.0,0.0,0.0,0.0,0.0,0.0,0.0,0.0,False
m199,starman,0.0,0.0,0.0,0.0,0.0,0.0,0.0,0.0,False
m20,american psycho,3.0,181.0,28.0,0.8660287081339713,259.0,64.0,0.8018575851393189,-0.06417112299465233,False
m200,strange days,3.0,108.0,6.0,0.9473684210526315,221.0,9.0,0.9608695652173913,0.013501144164759782,False
m202,swingers,2.0,0.0,0.0,0.0,0.0,0.0,0.0,0.0,False
m21,antitrust,2.0,93.0,4.0,0.9587628865979382,251.0,56.0,0.8175895765472313,-0.14117331005070688,True
m218,thirteen days,1.0,0.0,0.0,0.0,0.0,0.0,0.0,0.0,False
m22,austin powers: international man of mystery,2.0,61.0,5.0,0.9242424242424242,286.0,56.0,0.8362573099415205,-0.08798511430090372,False
m221,total recall,1.0,0.0,0.0,0.0,0.0,0.0,0.0,0.0,False
m222,tremors,3.0,164.0,14.0,0.9213483146067416,80.0,11.0,0.8791208791208791,-0.0422274354858625,False
m224,twin peaks: fire walk with me,3.0,206.0,46.0,0.8174603174603174,140.0,22.0,0.8641975308641975,0.04673721340388004,False
m227,new nightmare,3.0,38.0,5.0,0.8837209302325582,98.0,18.0,0.8448275862068966,-0.03889334402566158,False
m229,wild at heart,2.0,0.0,0.0,0.0,0.0,0.0,0.0,0.0,False
m230,wonder boys,1.0,0.0,0.0,0.0,0.0,0.0,0.0,0.0,False
m234,agnes of god,3.0,296.0,43.0,0.8731563421828908,316.0,48.0,0.8681318681318682,-0.005024474051022687,False
m236,alien,3.0,166.0,14.0,0.9222222222222223,136.0,17.0,0.8888888888888888,-0.03333333333333344,False
m238,all about eve,3.0,428.0,78.0,0.8458498023715415,397.0,35.0,0.9189814814814815,0.07313167910994,False
m24,bachelor party,3.0,153.0,4.0,0.9745222929936306,129.0,23.0,0.8486842105263158,-0.12583808246731476,True
m241,an american werewolf in paris,1.0,0.0,0.0,0.0,0.0,0.0,0.0,0.0,False
m243,annie hall,3.0,225.0,45.0,0.8333333333333334,400.0,53.0,0.8830022075055187,0.04966887417218535,False
m245,antz,3.0,103.0,17.0,0.8583333333333333,80.0,20.0,0.8,-0.05833333333333324,False
m247,apocalypse now,0.0,0.0,0.0,0.0,0.0,0.0,0.0,0.0,False
m248,arctic blue,1.0,0.0,0.0,0.0,0.0,0.0,0.0,0.0,False
m249,as good as it gets,3.0,135.0,30.0,0.8181818181818182,202.0,21.0,0.905829596412556,0.08764777823073777,False
m25,backdraft,1.0,64.0,14.0,0.8205128205128205,247.0,31.0,0.8884892086330936,0.06797638812027307,False
m250,assassins,1.0,0.0,0.0,0.0,0.0,0.0,0.0,0.0,False
m252,a walk to remember,3.0,155.0,22.0,0.8757062146892656,140.0,20.0,0.875,-0.0007062146892655718,False
m253,back to the future,2.0,0.0,0.0,0.0,0.0,0.0,0.0,0.0,False
m254,badlands,0.0,0.0,0.0,0.0,0.0,0.0,0.0,0.0,False
m256,barton fink,1.0,0.0,0.0,0.0,0.0,0.0,0.0,0.0,False
m257,basic instinct,1.0,0.0,0.0,0.0,0.0,0.0,0.0,0.0,False
m258,basquiat,2.0,0.0,0.0,0.0,0.0,0.0,0.0,0.0,False
m259,batman returns,0.0,0.0,0.0,0.0,0.0,0.0,0.0,0.0,False
m261,batman forever,1.0,0.0,0.0,0.0,0.0,0.0,0.0,0.0,False
m264,beavis and butt-head do america,1.0,0.0,0.0,0.0,0.0,0.0,0.0,0.0,False
m265,beetle juice,3.0,118.0,6.0,0.9516129032258065,179.0,16.0,0.9179487179487179,-0.03366418527708859,False
m266,being there,2.0,0.0,0.0,0.0,0.0,0.0,0.0,0.0,False
m267,being john malkovich,3.0,173.0,31.0,0.8480392156862745,267.0,48.0,0.8476190476190476,-0.00042016806722688926,False
m271,blade ii,1.0,0.0,0.0,0.0,0.0,0.0,0.0,0.0,False
m274,blood simple.,1.0,0.0,0.0,0.0,0.0,0.0,0.0,0.0,False
m276,blow,1.0,0.0,0.0,0.0,0.0,0.0,0.0,0.0,False
m277,la battaglia di algeri,1.0,0.0,0.0,0.0,0.0,0.0,0.0,0.0,False
m28,barry lyndon,1.0,49.0,3.0,0.9423076923076923,97.0,32.0,0.751937984496124,-0.19036970781156826,True
m285,broadcast news,3.0,296.0,61.0,0.8291316526610645,272.0,42.0,0.8662420382165605,0.03711038555549606,False
m286,a bucket of blood,2.0,0.0,0.0,0.0,0.0,0.0,0.0,0.0,False
m287,buffy the vampire slayer,3.0,108.0,7.0,0.9391304347826087,304.0,63.0,0.8283378746594006,-0.11079256012320815,True
m288,bull durham,2.0,0.0,0.0,0.0,0.0,0.0,0.0,0.0,False
m29,basic,3.0,84.0,7.0,0.9230769230769231,253.0,27.0,0.9035714285714286,-0.019505494505494547,False
m290,catwoman,3.0,0.0,0.0,0.0,0.0,0.0,0.0,0.0,False
m291,cellular,3.0,0.0,0.0,0.0,0.0,0.0,0.0,0.0,False
m294,cherry falls,3.0,0.0,0.0,0.0,0.0,0.0,0.0,0.0,False
m296,chinatown,2.0,0.0,0.0,0.0,0.0,0.0,0.0,0.0,False
m298,citizen kane,1.0,0.0,0.0,0.0,0.0,0.0,0.0,0.0,False
m299,clerks.,1.0,0.0,0.0,0.0,0.0,0.0,0.0,0.0,False
m3,2001: a space odyssey,0.0,14.0,1.0,0.9333333333333333,83.0,16.0,0.8383838383838383,-0.094949494949495,False
m30,big fish,1.0,51.0,7.0,0.8793103448275862,147.0,44.0,0.7696335078534031,-0.10967683697418307,True
m300,cliffhanger,1.0,0.0,0.0,0.0,0.0,0.0,0.0,0.0,False
m301,a clockwork orange,1.0,0.0,0.0,0.0,0.0,0.0,0.0,0.0,False
m302,collateral,1.0,0.0,0.0,0.0,0.0,0.0,0.0,0.0,False
m303,conspiracy theory,2.0,0.0,0.0,0.0,0.0,0.0,0.0,0.0,False
m305,cool hand luke,1.0,0.0,0.0,0.0,0.0,0.0,0.0,0.0,False
m306,copycat,3.0,0.0,0.0,0.0,0.0,0.0,0.0,0.0,False
m312,cruel intentions,3.0,0.0,0.0,0.0,0.0,0.0,0.0,0.0,False
m316,dave,3.0,0.0,0.0,0.0,0.0,0.0,0.0,0.0,False
m317,day of the dead,0.0,0.0,0.0,0.0,0.0,0.0,0.0,0.0,False
m318,dead poets society,1.0,0.0,0.0,0.0,0.0,0.0,0.0,0.0,False
m321,demolition man,0.0,0.0,0.0,0.0,0.0,0.0,0.0,0.0,False
m323,die hard,3.0,0.0,0.0,0.0,0.0,0.0,0.0,0.0,False
m324,dog day afternoon,3.0,0.0,0.0,0.0,0.0,0.0,0.0,0.0,False
m326,do the right thing,2.0,0.0,0.0,0.0,0.0,0.0,0.0,0.0,False
m328,dune,3.0,0.0,0.0,0.0,0.0,0.0,0.0,0.0,False
m329,ed wood,3.0,0.0,0.0,0.0,0.0,0.0,0.0,0.0,False
m330,edtv,1.0,0.0,0.0,0.0,0.0,0.0,0.0,0.0,False
m331,election,3.0,0.0,0.0,0.0,0.0,0.0,0.0,0.0,False
m332,l.a. confidential,1.0,0.0,0.0,0.0,0.0,0.0,0.0,0.0,False
m333,enemy of the state,1.0,0.0,0.0,0.0,0.0,0.0,0.0,0.0,False
m336,erin brockovich,3.0,0.0,0.0,0.0,0.0,0.0,0.0,0.0,False
m338,escape from the planet of the apes,1.0,0.0,0.0,0.0,0.0,0.0,0.0,0.0,False
m339,escape from l.a.,1.0,0.0,0.0,0.0,0.0,0.0,0.0,0.0,False
m34,blade runner,1.0,59.0,11.0,0.8428571428571429,121.0,17.0,0.8768115942028986,0.0339544513457557,False
m340,excalibur,1.0,0.0,0.0,0.0,0.0,0.0,0.0,0.0,False
m343,face/off,1.0,0.0,0.0,0.0,0.0,0.0,0.0,0.0,False
m346,fantastic voyage,0.0,0.0,0.0,0.0,0.0,0.0,0.0,0.0,False
m348,fight club,1.0,0.0,0.0,0.0,0.0,0.0,0.0,0.0,False
m349,final destination 2,3.0,0.0,0.0,0.0,0.0,0.0,0.0,0.0,False
m35,blast from the past,3.0,212.0,30.0,0.8760330578512396,316.0,64.0,0.8315789473684211,-0.044454110482818554,False
m350,final destination,1.0,0.0,0.0,0.0,0.0,0.0,0.0,0.0,False
m351,rambo: first blood part ii,0.0,0.0,0.0,0.0,0.0,0.0,0.0,0.0,False
m353,five easy pieces,3.0,0.0,0.0,0.0,0.0,0.0,0.0,0.0,False
m355,fletch,1.0,0.0,0.0,0.0,0.0,0.0,0.0,0.0,False
m359,friday the 13th part iii,3.0,0.0,0.0,0.0,0.0,0.0,0.0,0.0,False
m36,blue velvet,1.0,135.0,6.0,0.9574468085106383,324.0,52.0,0.8617021276595744,-0.09574468085106391,False
m362,friday the 13th part viii: jason takes manhattan,3.0,0.0,0.0,0.0,0.0,0.0,0.0,0.0,False
m364,gandhi,2.0,0.0,0.0,0.0,0.0,0.0,0.0,0.0,False
m365,gattaca,1.0,0.0,0.0,0.0,0.0,0.0,0.0,0.0,False
m367,get carter,1.0,0.0,0.0,0.0,0.0,0.0,0.0,0.0,False
m368,glengarry glen ross,0.0,0.0,0.0,0.0,0.0,0.0,0.0,0.0,False
m371,gone in sixty seconds,1.0,0.0,0.0,0.0,0.0,0.0,0.0,0.0,False
m372,goodfellas,3.0,0.0,0.0,0.0,0.0,0.0,0.0,0.0,False
m373,good will hunting,0.0,0.0,0.0,0.0,0.0,0.0,0.0,0.0,False
m375,grosse pointe blank,3.0,0.0,0.0,0.0,0.0,0.0,0.0,0.0,False
m377,hackers,2.0,0.0,0.0,0.0,0.0,0.0,0.0,0.0,False
m379,halloween,3.0,0.0,0.0,0.0,0.0,0.0,0.0,0.0,False
m380,hannah and her sisters,3.0,0.0,0.0,0.0,0.0,0.0,0.0,0.0,False
m383,heathers,3.0,0.0,0.0,0.0,0.0,0.0,0.0,0.0,False
m384,heavenly creatures,3.0,0.0,0.0,0.0,0.0,0.0,0.0,0.0,False
m390,hotel rwanda,2.0,0.0,0.0,0.0,0.0,0.0,0.0,0.0,False
m391,house on haunted hill,3.0,0.0,0.0,0.0,0.0,0.0,0.0,0.0,False
m393,hellraiser iii: hell on earth,3.0,0.0,0.0,0.0,0.0,0.0,0.0,0.0,False
m394,hudson hawk,3.0,0.0,0.0,0.0,0.0,0.0,0.0,0.0,False
m396,i walked with a zombie,3.0,0.0,0.0,0.0,0.0,0.0,0.0,0.0,False
m4,48 hrs.,2.0,34.0,12.0,0.7391304347826086,242.0,42.0,0.852112676056338,0.11298224127372936,True
m400,i still know what you did last summer,3.0,0.0,0.0,0.0,0.0,0.0,0.0,0.0,False
m401,isle of the dead,3.0,0.0,0.0,0.0,0.0,0.0,0.0,0.0,False
m403,jaws 2,2.0,0.0,0.0,0.0,0.0,0.0,0.0,0.0,False
m404,jaws 3-d,3.0,0.0,0.0,0.0,0.0,0.0,0.0,0.0,False
m405,jaws: the revenge,3.0,0.0,0.0,0.0,0.0,0.0,0.0,0.0,False
m408,jerry maguire,2.0,0.0,0.0,0.0,0.0,0.0,0.0,0.0,False
m409,jurassic park iii,2.0,0.0,0.0,0.0,0.0,0.0,0.0,0.0,False
m411,jurassic park,3.0,0.0,0.0,0.0,0.0,0.0,0.0,0.0,False
m412,freddy vs. jason,3.0,0.0,0.0,0.0,0.0,0.0,0.0,0.0,False
m414,king kong,0.0,0.0,0.0,0.0,0.0,0.0,0.0,0.0,False
m415,klute,3.0,0.0,0.0,0.0,0.0,0.0,0.0,0.0,False
m416,kramer vs. kramer,1.0,0.0,0.0,0.0,0.0,0.0,0.0,0.0,False
m418,lake placid,3.0,0.0,0.0,0.0,0.0,0.0,0.0,0.0,False
m42,casablanca,1.0,171.0,33.0,0.8382352941176471,254.0,30.0,0.8943661971830986,0.05613090306545154,False
m422,"lock, stock and two smoking barrels",1.0,0.0,0.0,0.0,0.0,0.0,0.0,0.0,False
m425,lost in translation,3.0,0.0,0.0,0.0,0.0,0.0,0.0,0.0,False
m428,magnolia,3.0,0.0,0.0,0.0,0.0,0.0,0.0,0.0,False
m43,cast away,2.0,88.0,11.0,0.8888888888888888,177.0,20.0,0.8984771573604061,0.00958826847151728,False
m432,man on the moon,1.0,0.0,0.0,0.0,0.0,0.0,0.0,0.0,False
m435,meet joe black,1.0,0.0,0.0,0.0,0.0,0.0,0.0,0.0,False
m438,midnight cowboy,1.0,0.0,0.0,0.0,0.0,0.0,0.0,0.0,False
m439,midnight express,0.0,0.0,0.0,0.0,0.0,0.0,0.0,0.0,False
m441,misery,1.0,0.0,0.0,0.0,0.0,0.0,0.0,0.0,False
m442,mission: impossible ii,0.0,0.0,0.0,0.0,0.0,0.0,0.0,0.0,False
m444,moonstruck,3.0,0.0,0.0,0.0,0.0,0.0,0.0,0.0,False
m445,monty python and the holy grail,2.0,0.0,0.0,0.0,0.0,0.0,0.0,0.0,False
m448,mulholland dr.,3.0,0.0,0.0,0.0,0.0,0.0,0.0,0.0,False
m451,my girl,3.0,0.0,0.0,0.0,0.0,0.0,0.0,0.0,False
m453,nashville,3.0,0.0,0.0,0.0,0.0,0.0,0.0,0.0,False
m454,natural born killers,3.0,0.0,0.0,0.0,0.0,0.0,0.0,0.0,False
m458,never been kissed,3.0,0.0,0.0,0.0,0.0,0.0,0.0,0.0,False
m461,a nightmare on elm street 3: dream warriors,3.0,0.0,0.0,0.0,0.0,0.0,0.0,0.0,False
m462,notting hill,3.0,0.0,0.0,0.0,0.0,0.0,0.0,0.0,False
m465,on the waterfront,0.0,0.0,0.0,0.0,0.0,0.0,0.0,0.0,False
m468,pearl harbor,2.0,0.0,0.0,0.0,0.0,0.0,0.0,0.0,False
m469,peggy sue got married,3.0,0.0,0.0,0.0,0.0,0.0,0.0,0.0,False
m47,dark star,0.0,0.0,0.0,0.0,0.0,0.0,0.0,0.0,False
m471,philadelphia,2.0,0.0,0.0,0.0,0.0,0.0,0.0,0.0,False
m472,pitch black,3.0,0.0,0.0,0.0,0.0,0.0,0.0,0.0,False
m473,planet of the apes,1.0,0.0,0.0,0.0,0.0,0.0,0.0,0.0,False
m474,platoon,0.0,0.0,0.0,0.0,0.0,0.0,0.0,0.0,False
m477,point break,0.0,0.0,0.0,0.0,0.0,0.0,0.0,0.0,False
m478,predator,0.0,0.0,0.0,0.0,0.0,0.0,0.0,0.0,False
m479,pretty woman,3.0,0.0,0.0,0.0,0.0,0.0,0.0,0.0,False
m482,psycho,3.0,0.0,0.0,0.0,0.0,0.0,0.0,0.0,False
m483,maniac,3.0,0.0,0.0,0.0,0.0,0.0,0.0,0.0,False
m484,vampyr,3.0,0.0,0.0,0.0,0.0,0.0,0.0,0.0,False
m489,star wars: episode vi - return of the jedi,1.0,0.0,0.0,0.0,0.0,0.0,0.0,0.0,False
m492,who framed roger rabbit,1.0,0.0,0.0,0.0,0.0,0.0,0.0,0.0,False
m494,ronin,1.0,0.0,0.0,0.0,0.0,0.0,0.0,0.0,False
m496,rush hour 2,3.0,0.0,0.0,0.0,0.0,0.0,0.0,0.0,False
m497,rush hour,1.0,0.0,0.0,0.0,0.0,0.0,0.0,0.0,False
m498,runaway bride,1.0,0.0,0.0,0.0,0.0,0.0,0.0,0.0,False
m499,sleepless in seattle,2.0,0.0,0.0,0.0,0.0,0.0,0.0,0.0,False
m50,donnie darko,3.0,199.0,37.0,0.8432203389830508,182.0,27.0,0.8708133971291866,0.027593058146135774,False
m500,salt of the earth,3.0,0.0,0.0,0.0,0.0,0.0,0.0,0.0,False
m502,saving private ryan,0.0,0.0,0.0,0.0,0.0,0.0,0.0,0.0,False
m503,say anything...,2.0,0.0,0.0,0.0,0.0,0.0,0.0,0.0,False
m505,scream 2,3.0,0.0,0.0,0.0,0.0,0.0,0.0,0.0,False
m506,scream 3,3.0,0.0,0.0,0.0,0.0,0.0,0.0,0.0,False
m511,shakespeare in love,3.0,0.0,0.0,0.0,0.0,0.0,0.0,0.0,False
m516,sister act,3.0,0.0,0.0,0.0,0.0,0.0,0.0,0.0,False
m517,sleepy hollow,3.0,0.0,0.0,0.0,0.0,0.0,0.0,0.0,False
m528,sphere,1.0,0.0,0.0,0.0,0.0,0.0,0.0,0.0,False
m529,star wars,1.0,0.0,0.0,0.0,0.0,0.0,0.0,0.0,False
m530,starship troopers,3.0,0.0,0.0,0.0,0.0,0.0,0.0,0.0,False
m531,star trek: the motion picture,1.0,0.0,0.0,0.0,0.0,0.0,0.0,0.0,False
m533,stepmom,3.0,0.0,0.0,0.0,0.0,0.0,0.0,0.0,False
m536,dr. strangelove or: how i learned to stop worrying and love the bomb,0.0,0.0,0.0,0.0,0.0,0.0,0.0,0.0,False
m537,suburbia,3.0,0.0,0.0,0.0,0.0,0.0,0.0,0.0,False
m539,sunset blvd.,3.0,0.0,0.0,0.0,0.0,0.0,0.0,0.0,False
m540,supergirl,3.0,0.0,0.0,0.0,0.0,0.0,0.0,0.0,False
m541,superman iii,3.0,0.0,0.0,0.0,0.0,0.0,0.0,0.0,False
m542,superman ii,3.0,0.0,0.0,0.0,0.0,0.0,0.0,0.0,False
m543,superman iv: the quest for peace,3.0,0.0,0.0,0.0,0.0,0.0,0.0,0.0,False
m546,sweet smell of success,1.0,0.0,0.0,0.0,0.0,0.0,0.0,0.0,False
m55,eternal sunshine of the spotless mind,2.0,136.0,16.0,0.8947368421052632,317.0,75.0,0.8086734693877551,-0.08606337271750808,False
m56,even cowgirls get the blues,3.0,7.0,4.0,0.6363636363636364,161.0,41.0,0.7970297029702971,0.16066606660666072,True
m57,event horizon,3.0,124.0,37.0,0.7701863354037267,498.0,107.0,0.8231404958677686,0.05295416046404189,False
m570,three kings,2.0,0.0,0.0,0.0,0.0,0.0,0.0,0.0,False
m571,thx 1138,0.0,0.0,0.0,0.0,0.0,0.0,0.0,0.0,False
m576,tombstone,3.0,0.0,0.0,0.0,0.0,0.0,0.0,0.0,False
m577,tomorrow never dies,1.0,0.0,0.0,0.0,0.0,0.0,0.0,0.0,False
m579,toy story,1.0,0.0,0.0,0.0,0.0,0.0,0.0,0.0,False
m58,fantastic four,1.0,64.0,14.0,0.8205128205128205,214.0,25.0,0.895397489539749,0.07488466902692847,False
m581,traffic,3.0,0.0,0.0,0.0,0.0,0.0,0.0,0.0,False
m582,trainspotting,2.0,0.0,0.0,0.0,0.0,0.0,0.0,0.0,False
m583,star trek v: the final frontier,1.0,0.0,0.0,0.0,0.0,0.0,0.0,0.0,False
m584,tron,0.0,0.0,0.0,0.0,0.0,0.0,0.0,0.0,False
m585,true lies,3.0,0.0,0.0,0.0,0.0,0.0,0.0,0.0,False
m586,true romance,1.0,0.0,0.0,0.0,0.0,0.0,0.0,0.0,False
m587,twelve monkeys,1.0,0.0,0.0,0.0,0.0,0.0,0.0,0.0,False
m59,fast times at ridgemont high,2.0,39.0,5.0,0.8863636363636364,178.0,27.0,0.8682926829268293,-0.01807095343680709,False
m590,unbreakable,0.0,0.0,0.0,0.0,0.0,0.0,0.0,0.0,False
m591,unforgiven,3.0,0.0,0.0,0.0,0.0,0.0,0.0,0.0,False
m594,vertigo,1.0,0.0,0.0,0.0,0.0,0.0,0.0,0.0,False
m6,8mm,1.0,37.0,17.0,0.6851851851851852,256.0,38.0,0.8707482993197279,0.18556311413454263,True
m60,fear and loathing in las vegas,1.0,152.0,20.0,0.8837209302325582,87.0,12.0,0.8787878787878788,-0.0049330514446793705,False
m601,what lies beneath,3.0,0.0,0.0,0.0,0.0,0.0,0.0,0.0,False
m606,wild things,3.0,0.0,0.0,0.0,0.0,0.0,0.0,0.0,False
m607,wild wild west,2.0,0.0,0.0,0.0,0.0,0.0,0.0,0.0,False
m608,willow,3.0,0.0,0.0,0.0,0.0,0.0,0.0,0.0,False
m609,witness,3.0,0.0,0.0,0.0,0.0,0.0,0.0,0.0,False
m612,watchmen,3.0,0.0,0.0,0.0,0.0,0.0,0.0,0.0,False
m615,young frankenstein,2.0,0.0,0.0,0.0,0.0,0.0,0.0,0.0,False
m62,frances,3.0,195.0,27.0,0.8783783783783784,238.0,54.0,0.815068493150685,-0.06330988522769343,False
m65,from dusk till dawn,1.0,61.0,6.0,0.9104477611940298,141.0,29.0,0.8294117647058824,-0.08103599648814741,False
m67,godzilla,3.0,49.0,9.0,0.8448275862068966,76.0,12.0,0.8636363636363636,0.018808777429467072,False
m68,galaxy quest,1.0,48.0,23.0,0.676056338028169,304.0,23.0,0.9296636085626911,0.25360727053452214,True
m7,a nightmare on elm street 4: the dream master,3.0,4.0,7.0,0.36363636363636365,87.0,8.0,0.9157894736842105,0.5521531100478468,True
m72,ghost world,3.0,398.0,88.0,0.8189300411522634,573.0,77.0,0.8815384615384615,0.06260842038619807,False
m74,ghostbusters ii,2.0,10.0,1.0,0.9090909090909091,206.0,20.0,0.911504424778761,0.002413515687851975,False
m75,ghostbusters,2.0,58.0,7.0,0.8923076923076924,161.0,16.0,0.9096045197740112,0.017296827466318887,False
m78,grand hotel,3.0,101.0,47.0,0.6824324324324325,354.0,36.0,0.9076923076923077,0.22525987525987523,True
m80,halloween h20: 20 years later,3.0,85.0,13.0,0.8673469387755102,62.0,28.0,0.6888888888888889,-0.17845804988662128,True
m84,harold and maude,3.0,102.0,18.0,0.85,134.0,23.0,0.8535031847133758,0.003503184713375851,False
m85,hellbound: hellraiser ii,1.0,3.0,5.0,0.375,48.0,11.0,0.8135593220338984,0.43855932203389836,True
m86,hellboy,1.0,16.0,9.0,0.64,110.0,15.0,0.88,0.24,True
m87,hellraiser,3.0,134.0,16.0,0.8933333333333333,183.0,33.0,0.8472222222222222,-0.0461111111111111,False
m89,highlander,2.0,0.0,0.0,0.0,0.0,0.0,0.0,0.0,False
m90,his girl friday,3.0,288.0,53.0,0.844574780058651,379.0,53.0,0.8773148148148148,0.032740034756163716,False
m91,hope and glory,3.0,87.0,10.0,0.8969072164948454,120.0,17.0,0.8759124087591241,-0.020994807735721266,False
m92,house of 1000 corpses,3.0,119.0,14.0,0.8947368421052632,130.0,13.0,0.9090909090909091,0.014354066985645897,False
m93,human nature,3.0,112.0,49.0,0.6956521739130435,212.0,21.0,0.9098712446351931,0.21421907072214963,True
m98,indiana jones and the last crusade,0.0,0.0,0.0,0.0,0.0,0.0,0.0,0.0,False
m99,indiana jones and the temple of doom,0.0,0.0,0.0,0.0,0.0,0.0,0.0,0.0,False
